#Transition	Tag	Frequency(Ghz)	Eup(K)	Aij	Tau	Tex	Intensity(K)
CH3CHO (17 5 13 3 _ 16 5 12 3) 	44003	329152.963	401.511	1.11E-3	3.981E-3	100	0.00E0	
CH3CHO (17 5 12 3 _ 16 5 11 3) 	44003	329157.245	401.512	1.11E-3	3.981E-3	100	0.00E0	
CH3CHO (27 10 18 6 _ 28 9 19 6) 	44003	329158.222	946.204	1.87E-5	4.532E-7	100	0.00E0	
CH3CHO (7 4 3 0 _ 7 3 4 0) 	44003	329167.837	62.084	9.15E-5	4.175E-3	100	0.00E0	
CH3CHO (21 4 18 1 _ 21 3 19 1) 	44003	329168.305	250.088	1.20E-4	2.394E-3	100	0.00E0	
CH3CHO (39 5 34 5 _ 39 4 35 5) 	44003	329199.514	986.475	1.35E-4	3.148E-6	100	0.00E0	
CH3CHO (7 4 4 0 _ 7 3 5 0) 	44003	329207.539	62.084	9.15E-5	4.175E-3	100	0.00E0	
CH3CHO (37 3 34 8 _ 37 2 35 8) 	44003	329225.213	1060.251	1.11E-4	1.171E-6	100	0.00E0	
CH3CHO (6 4 2 0 _ 6 3 3 0) 	44003	329246.394	55.609	8.29E-5	3.498E-3	100	0.00E0	
CH3CHO (27 1 26 5 _ 27 0 27 5) 	44003	329253.660	559.806	5.90E-5	6.798E-5	100	0.00E0	
CH3CHO (6 4 3 0 _ 6 3 4 0) 	44003	329262.325	55.609	8.30E-5	3.499E-3	100	0.00E0	
CH3CHO (10 4 6 2 _ 10 3 8 1) 	44003	329292.768	86.999	6.81E-7	3.391E-5	100	0.00E0	
CH3CHO (5 4 1 0 _ 5 3 2 0) 	44003	329295.109	50.06	6.95E-5	2.622E-3	100	0.00E0	
CH3CHO (5 4 2 0 _ 5 3 3 0) 	44003	329300.433	50.06	6.95E-5	2.622E-3	100	0.00E0	
CH3CHO (4 4 0 0 _ 4 3 1 0) 	44003	329323.621	45.437	4.62E-5	1.494E-3	100	0.00E0	
CH3CHO (39 5 34 0 _ 39 4 35 0) 	44003	329323.849	781.06	1.52E-4	2.748E-5	100	0.00E0	
CH3CHO (4 4 1 0 _ 4 3 2 0) 	44003	329324.955	45.436	4.62E-5	1.494E-3	100	0.00E0	
CH3CHO (17 3 15 6 _ 16 3 14 6) 	44003	329354.928	548.822	1.17E-3	9.553E-4	100	0.00E0	
CH3CHO (44 5 40 7 _ 43 6 38 7) 	44003	329369.002	1351.873	4.39E-5	2.974E-8	100	0.00E0	
CH3CHO (37 12 25 5 _ 38 11 27 5) 	44003	329385.463	1177.187	2.69E-5	8.794E-8	100	0.00E0	
CH3CHO (18 0 18 3 _ 17 1 17 3) 	44003	329397.792	361.482	1.57E-4	8.820E-4	100	0.00E0	
CH3CHO (17 4 14 3 _ 16 4 13 3) 	44003	329410.702	381.527	1.16E-3	5.042E-3	100	0.00E0	
CH3CHO (29 2 28 7 _ 28 3 26 7) 	44003	329415.733	791.117	4.80E-6	5.876E-7	100	0.00E0	
CH3CHO (9 4 5 2 _ 9 3 7 1) 	44003	329481.567	77.745	1.92E-7	9.456E-6	100	0.00E0	
CH3CHO (26 6 21 7 _ 27 4 24 7) 	44003	329501.581	779.04	3.49E-8	4.329E-9	100	0.00E0	
CH3CHO (41 2 40 4 _ 40 2 38 5) 	44003	329519.395	996.998	4.05E-8	8.878E-10	100	0.00E0	
CH3CHO (44 4 40 8 _ 44 3 41 8) 	44003	329523.334	1344.592	7.76E-5	5.647E-8	100	0.00E0	
CH3CHO (17 4 13 3 _ 16 4 12 3) 	44003	329550.920	381.545	1.16E-3	5.043E-3	100	0.00E0	
CH3CHO (8 4 4 2 _ 8 3 6 1) 	44003	329625.994	69.417	4.55E-8	2.182E-6	100	0.00E0	
CH3CHO (13 7 6 5 _ 14 6 8 5) 	44003	329645.134	400.126	1.69E-5	4.711E-5	100	0.00E0	
CH3CHO (40 5 35 3 _ 40 4 36 3) 	44003	329650.466	1023.768	1.51E-4	2.479E-6	100	0.00E0	
CH3CHO (15 3 13 0 _ 15 1 14 0) 	44003	329685.452	131.493	1.93E-6	9.079E-5	100	0.00E0	
CH3CHO (7 4 3 2 _ 7 3 5 1) 	44003	329731.509	62.016	8.75E-9	3.983E-7	100	0.00E0	
CH3CHO (45 7 39 7 _ 44 8 37 7) 	44003	329734.128	1451.453	2.33E-5	5.947E-9	100	0.00E0	
CH3CHO (26 2 25 0 _ 26 0 26 0) 	44003	329738.677	330.678	5.63E-6	6.168E-5	100	0.00E0	
CH3CHO (21 4 18 0 _ 21 3 19 0) 	44003	329750.487	250.152	1.22E-4	2.426E-3	100	0.00E0	
CH3CHO (28 10 19 1 _ 29 9 21 1) 	44003	329758.470	600.554	2.68E-5	2.123E-5	100	0.00E0	
CH3CHO (23 8 16 7 _ 24 7 18 7) 	44003	329767.613	775.795	2.59E-5	2.933E-6	100	0.00E0	
CH3CHO (20 4 16 2 _ 20 3 18 1) 	44003	329776.727	230.668	3.26E-6	7.503E-5	100	0.00E0	
CH3CHO (19 9 10 6 _ 20 8 13 6) 	44003	329778.917	726.053	1.16E-5	1.793E-6	100	0.00E0	
CH3CHO (17 9 8 8 _ 16 9 7 8) 	44003	329790.275	708.09	1.30E-4	2.153E-5	100	0.00E0	
CH3CHO (42 22 20 3 _ 42 22 20 6) 	44003	329793.046	2116.425	6.00E-6	1.851E-12	100	0.00E0	
CH3CHO (42 22 21 3 _ 42 22 21 6) 	44003	329793.046	2116.425	6.00E-6	1.851E-12	100	0.00E0	
CH3CHO (39 5 34 2 _ 39 4 35 2) 	44003	329805.156	781.062	1.52E-4	2.749E-5	100	0.00E0	
CH3CHO (46 20 26 3 _ 46 22 24 0) 	44003	329807.121	2095.3	4.98E-7	2.077E-13	100	0.00E0	
CH3CHO (46 20 27 3 _ 46 22 25 0) 	44003	329807.123	2095.3	4.98E-7	2.077E-13	100	0.00E0	
CH3CHO (19 3 17 4 _ 18 3 15 5) 	44003	329883.167	401.104	2.82E-6	1.124E-5	100	0.00E0	
CH3CHO (12 3 9 8 _ 12 2 11 7) 	44003	329950.089	478.141	5.82E-5	6.873E-5	100	0.00E0	
CH3CHO (32 4 28 6 _ 31 5 27 6) 	44003	329965.986	916.061	5.05E-5	1.944E-6	100	0.00E0	
CH3CHO (12 3 10 4 _ 12 1 11 5) 	44003	329993.333	296.78	1.45E-6	1.048E-5	100	0.00E0	
CH3CHO (6 2 4 8 _ 5 1 4 8) 	44003	330016.514	417.005	3.84E-5	4.345E-5	100	0.00E0	
CH3CHO (17 3 15 4 _ 16 3 14 4) 	44003	330099.164	366.607	1.19E-3	6.007E-3	100	0.00E0	
CH3CHO (22 4 19 1 _ 22 3 20 1) 	44003	330103.665	270.501	1.22E-4	2.075E-3	100	0.00E0	
CH3CHO (17 3 14 6 _ 16 3 13 6) 	44003	330110.003	548.943	1.18E-3	9.566E-4	100	0.00E0	
CH3CHO (38 7 32 4 _ 39 5 35 4) 	44003	330124.932	1000.713	3.08E-7	6.016E-9	100	0.00E0	
CH3CHO (21 6 16 7 _ 22 4 18 8) 	44003	330160.379	665.498	1.60E-6	4.974E-7	100	0.00E0	
CH3CHO (17 3 14 2 _ 16 3 13 2) 	44003	330228.075	162.372	1.20E-3	4.652E-2	100	0.00E0	
CH3CHO (38 12 27 6 _ 39 11 28 6) 	44003	330233.626	1390.536	1.37E-5	5.422E-9	100	0.00E0	
CH3CHO (37 5 33 1 _ 37 4 33 2) 	44003	330242.881	708.326	8.35E-8	2.955E-8	100	0.00E0	
CH3CHO (17 3 14 0 _ 16 3 13 0) 	44003	330244.110	162.404	1.20E-3	4.661E-2	100	0.00E0	
CH3CHO (15 2 14 7 _ 15 0 15 8) 	44003	330283.475	502.392	7.31E-6	8.383E-6	100	0.00E0	
CH3CHO (41 2 39 8 _ 40 4 37 7) 	44003	330283.717	1189.724	1.73E-6	5.499E-9	100	0.00E0	
CH3CHO (25 5 21 6 _ 25 4 22 6) 	44003	330312.143	744.607	9.73E-5	1.629E-5	100	0.00E0	
CH3CHO (42 13 29 5 _ 43 12 31 5) 	44003	330359.400	1417.711	2.31E-5	7.686E-9	100	0.00E0	
CH3CHO (30 19 12 4 _ 29 17 12 8) 	44003	330363.910	1436.811	3.29E-7	6.488E-11	100	0.00E0	
CH3CHO (28 10 19 0 _ 29 9 20 0) 	44003	330373.245	600.541	2.69E-5	2.125E-5	100	0.00E0	
CH3CHO (28 10 18 0 _ 29 9 21 0) 	44003	330373.287	600.541	2.69E-5	2.125E-5	100	0.00E0	
CH3CHO (40 5 35 8 _ 40 10 31 4) 	44003	330405.404	1202.564	5.87E-8	1.601E-10	100	0.00E0	
CH3CHO (28 10 18 2 _ 29 9 20 2) 	44003	330467.398	600.599	2.69E-5	2.124E-5	100	0.00E0	
CH3CHO (36 6 31 4 _ 37 3 34 5) 	44003	330476.556	902.525	4.79E-7	2.366E-8	100	0.00E0	
CH3CHO (27 3 25 1 _ 27 1 26 2) 	44003	330494.051	370.225	7.35E-6	5.602E-5	100	0.00E0	
CH3CHO (35 6 30 7 _ 36 3 33 8) 	44003	330507.885	1041.427	5.53E-8	6.613E-10	100	0.00E0	
CH3CHO (5 3 2 2 _ 4 2 2 2) 	44003	330566.705	34.26	1.15E-4	5.047E-3	100	0.00E0	
CH3CHO (17 1 16 3 _ 16 1 15 3) 	44003	330580.420	352.489	1.25E-3	7.214E-3	100	0.00E0	
CH3CHO (31 7 24 6 _ 32 5 27 6) 	44003	330614.245	945.377	3.47E-7	9.626E-9	100	0.00E0	
CH3CHO (11 4 8 7 _ 12 1 12 7) 	44003	330624.922	467.694	6.09E-8	7.314E-8	100	0.00E0	
CH3CHO (22 4 19 0 _ 22 3 20 0) 	44003	330633.576	270.562	1.24E-4	2.088E-3	100	0.00E0	
CH3CHO (22 14 9 3 _ 21 11 11 6) 	44003	330638.306	875.21	1.43E-7	5.693E-9	100	0.00E0	
CH3CHO (22 14 8 3 _ 21 11 10 6) 	44003	330638.307	875.21	1.43E-7	5.693E-9	100	0.00E0	
CH3CHO (20 0 20 8 _ 19 1 19 7) 	44003	330669.693	568.211	1.65E-4	1.297E-4	100	0.00E0	
CH3CHO (20 1 19 0 _ 19 2 18 0) 	44003	330699.535	199.732	9.55E-5	2.981E-3	100	0.00E0	
CH3CHO (22 10 13 7 _ 23 9 15 7) 	44003	330707.652	834.765	2.40E-5	1.435E-6	100	0.00E0	
CH3CHO (41 5 36 5 _ 40 6 34 5) 	44003	330713.051	1062.273	2.57E-5	2.916E-7	100	0.00E0	
CH3CHO (30 3 28 3 _ 30 2 29 3) 	44003	330714.633	655.32	8.65E-5	4.219E-5	100	0.00E0	
CH3CHO (37 7 30 5 _ 38 5 33 5) 	44003	330748.629	965.915	1.67E-7	4.498E-9	100	0.00E0	
CH3CHO (38 2 36 6 _ 38 9 30 3) 	44003	330752.796	1088.183	7.78E-8	6.318E-10	100	0.00E0	
CH3CHO (41 4 38 4 _ 40 5 35 5) 	44003	330756.551	1039.758	2.29E-5	3.246E-7	100	0.00E0	
CH3CHO (20 1 19 5 _ 19 2 18 4) 	44003	330776.044	404.719	8.69E-5	3.492E-4	100	0.00E0	
CH3CHO (30 4 27 7 _ 30 3 28 7) 	44003	330790.391	845.084	8.25E-5	6.032E-6	100	0.00E0	
CH3CHO (5 3 3 1 _ 4 2 3 1) 	44003	330822.360	34.161	1.15E-4	5.057E-3	100	0.00E0	
CH3CHO (15 3 12 6 _ 16 1 15 6) 	44003	330840.409	518.198	7.95E-8	7.760E-8	100	0.00E0	
CH3CHO (17 14 4 7 _ 16 14 3 7) 	44003	330862.540	948.355	4.03E-4	6.010E-6	100	0.00E0	
CH3CHO (38 10 29 7 _ 38 13 26 4) 	44003	330929.565	1283.076	2.37E-6	2.743E-9	100	0.00E0	
CH3CHO (21 4 17 2 _ 21 3 19 1) 	44003	330974.282	250.174	1.29E-6	2.544E-5	100	0.00E0	
CH3CHO (41 12 29 6 _ 42 10 32 6) 	44003	331008.411	1451.112	5.79E-6	1.342E-9	100	0.00E0	
CH3CHO (29 3 27 4 _ 29 2 28 4) 	44003	331009.249	628.447	1.04E-4	6.383E-5	100	0.00E0	
CH3CHO (8 2 7 4 _ 7 0 7 5) 	44003	331018.672	245.989	2.80E-6	2.276E-5	100	0.00E0	
CH3CHO (17 3 14 3 _ 16 3 13 3) 	44003	331039.216	366.857	1.21E-3	6.046E-3	100	0.00E0	
CH3CHO (34 11 24 6 _ 35 10 25 6) 	44003	331115.576	1200.788	2.05E-5	4.835E-8	100	0.00E0	
CH3CHO (29 2 27 8 _ 28 3 25 8) 	44003	331123.429	797.393	9.18E-6	1.044E-6	100	0.00E0	
CH3CHO (41 5 36 2 _ 40 6 35 1) 	44003	331194.645	856.934	3.84E-5	3.387E-6	100	0.00E0	
CH3CHO (20 1 19 2 _ 19 2 18 1) 	44003	331202.581	199.765	9.58E-5	2.980E-3	100	0.00E0	
CH3CHO (27 3 25 0 _ 27 1 26 0) 	44003	331245.766	370.259	7.03E-6	5.337E-5	100	0.00E0	
CH3CHO (44 21 23 3 _ 44 20 25 6) 	44003	331270.232	2104.226	8.20E-7	2.966E-13	100	0.00E0	
CH3CHO (44 21 24 3 _ 44 21 24 6) 	44003	331270.232	2104.226	8.20E-7	2.966E-13	100	0.00E0	
CH3CHO (9 6 4 3 _ 10 5 5 3) 	44003	331277.489	326.381	1.21E-5	4.932E-5	100	0.00E0	
CH3CHO (9 6 3 3 _ 10 5 6 3) 	44003	331277.535	326.381	1.21E-5	4.932E-5	100	0.00E0	
CH3CHO (17 5 12 8 _ 16 5 11 8) 	44003	331284.212	574.73	1.12E-3	6.976E-4	100	0.00E0	
CH3CHO (37 12 25 3 _ 38 11 28 3) 	44003	331295.488	1176.239	2.67E-5	8.729E-8	100	0.00E0	
CH3CHO (37 12 26 3 _ 38 11 27 3) 	44003	331302.379	1176.24	2.67E-5	8.729E-8	100	0.00E0	
CH3CHO (23 4 20 1 _ 23 3 21 1) 	44003	331320.021	291.846	1.25E-4	1.770E-3	100	0.00E0	
CH3CHO (19 4 16 7 _ 19 2 18 7) 	44003	331332.368	583.884	6.22E-5	3.951E-5	100	0.00E0	
CH3CHO (17 8 10 7 _ 16 8 9 7) 	44003	331342.832	660.679	9.55E-4	2.525E-4	100	0.00E0	
CH3CHO (15 3 12 2 _ 15 1 14 2) 	44003	331387.473	131.627	7.87E-8	3.657E-6	100	0.00E0	
CH3CHO (19 18 1 8 _ 18 18 0 8) 	44003	331388.474	1280.556	1.65E-4	9.886E-8	100	0.00E0	
CH3CHO (22 9 13 5 _ 23 8 15 5) 	44003	331392.681	619.739	2.32E-5	1.189E-5	100	0.00E0	
CH3CHO (27 1 26 8 _ 27 1 27 7) 	44003	331394.998	736.132	1.13E-5	2.213E-6	100	0.00E0	
CH3CHO (22 19 3 3 _ 21 17 5 6) 	44003	331411.838	1243.788	6.95E-8	6.925E-11	100	0.00E0	
CH3CHO (22 19 4 3 _ 21 17 4 6) 	44003	331411.838	1243.788	6.95E-8	6.925E-11	100	0.00E0	
CH3CHO (46 3 44 6 _ 45 4 41 6) 	44003	331414.064	1404.047	1.48E-5	6.141E-9	100	0.00E0	
CH3CHO (27 1 26 8 _ 26 2 24 8) 	44003	331477.509	736.132	1.53E-6	2.985E-7	100	0.00E0	
CH3CHO (26 2 24 2 _ 25 3 22 2) 	44003	331531.930	339.739	5.79E-9	5.738E-8	100	0.00E0	
CH3CHO (14 3 12 1 _ 14 1 13 2) 	44003	331543.485	117.539	1.56E-6	7.804E-5	100	0.00E0	
CH3CHO (4 4 1 7 _ 5 1 4 8) 	44003	331548.864	417.079	3.37E-8	2.613E-8	100	0.00E0	
CH3CHO (41 5 36 0 _ 40 6 35 0) 	44003	331560.584	856.927	3.91E-5	3.439E-6	100	0.00E0	
CH3CHO (17 1 16 2 _ 16 1 15 2) 	44003	331602.178	146.645	1.25E-3	5.624E-2	100	0.00E0	
CH3CHO (16 5 12 7 _ 17 2 15 8) 	44003	331612.506	555.147	2.09E-7	1.497E-7	100	0.00E0	
CH3CHO (36 5 32 4 _ 36 4 32 5) 	44003	331656.419	878.895	2.74E-5	1.702E-6	100	0.00E0	
CH3CHO (17 1 16 0 _ 16 1 15 0) 	44003	331680.380	146.6	1.25E-3	5.626E-2	100	0.00E0	
CH3CHO (12 2 11 6 _ 12 1 12 6) 	44003	331737.496	458.356	1.18E-4	1.679E-4	100	0.00E0	
CH3CHO (17 11 6 6 _ 16 11 5 6) 	44003	331764.294	786.268	7.17E-4	5.389E-5	100	0.00E0	
CH3CHO (17 11 7 6 _ 16 11 6 6) 	44003	331764.294	786.268	7.17E-4	5.389E-5	100	0.00E0	
CH3CHO (42 2 41 4 _ 41 2 39 5) 	44003	331765.890	1034.698	3.11E-8	4.737E-10	100	0.00E0	
CH3CHO (38 5 33 6 _ 37 6 32 6) 	44003	331774.471	1124.944	4.72E-5	2.636E-7	100	0.00E0	
CH3CHO (31 12 19 8 _ 32 11 21 8) 	44003	331797.105	1156.832	1.85E-5	6.158E-8	100	0.00E0	
CH3CHO (23 4 20 0 _ 23 3 21 0) 	44003	331798.926	291.904	1.26E-4	1.777E-3	100	0.00E0	
CH3CHO (43 5 39 1 _ 42 6 37 1) 	44003	331801.981	934.037	1.51E-7	6.450E-9	100	0.00E0	
CH3CHO (6 4 2 8 _ 5 3 3 7) 	44003	331835.467	433.486	7.99E-7	7.587E-7	100	0.00E0	
CH3CHO (46 9 38 4 _ 46 2 45 7) 	44003	331846.918	1385.879	1.37E-7	6.780E-11	100	0.00E0	
CH3CHO (27 4 24 3 _ 27 3 25 3) 	44003	331866.658	590.93	1.21E-4	1.003E-4	100	0.00E0	
CH3CHO (5 3 3 0 _ 4 2 2 0) 	44003	331916.573	34.256	1.17E-4	5.102E-3	100	0.00E0	
CH3CHO (29 14 15 3 _ 30 10 21 6) 	44003	331942.955	1043.832	8.09E-8	7.786E-10	100	0.00E0	
CH3CHO (29 3 27 3 _ 29 1 28 3) 	44003	331956.959	627.646	1.67E-5	1.030E-5	100	0.00E0	
CH3CHO (27 4 24 6 _ 28 2 27 6) 	44003	331983.194	777.478	7.69E-8	9.893E-9	100	0.00E0	
CH3CHO (18 4 15 4 _ 17 4 13 5) 	44003	332009.006	399.647	4.50E-8	1.704E-7	100	0.00E0	
CH3CHO (17 5 12 8 _ 18 3 16 7) 	44003	332028.458	574.73	5.37E-7	3.339E-7	100	0.00E0	
CH3CHO (18 15 3 6 _ 17 15 2 6) 	44003	332045.474	1044.377	4.26E-4	2.553E-6	100	0.00E0	
CH3CHO (18 15 4 6 _ 17 15 3 6) 	44003	332045.474	1044.377	4.26E-4	2.553E-6	100	0.00E0	
CH3CHO (34 6 29 6 _ 33 11 23 3) 	44003	332048.520	1010.091	2.78E-8	4.376E-10	100	0.00E0	
CH3CHO (29 3 27 1 _ 29 2 28 1) 	44003	332073.672	422.812	9.98E-5	4.779E-4	100	0.00E0	
CH3CHO (26 5 22 4 _ 27 2 25 5) 	44003	332146.189	586.441	3.35E-7	2.803E-7	100	0.00E0	
CH3CHO (12 4 9 7 _ 11 3 9 7) 	44003	332174.785	478.517	6.21E-5	7.216E-5	100	0.00E0	
CH3CHO (5 3 2 0 _ 4 2 3 0) 	44003	332191.575	34.257	1.17E-4	5.103E-3	100	0.00E0	
CH3CHO (17 1 16 5 _ 16 1 15 5) 	44003	332213.825	351.47	1.25E-3	7.234E-3	100	0.00E0	
CH3CHO (15 1 15 6 _ 14 0 14 6) 	44003	332252.178	480.273	1.78E-4	2.516E-4	100	0.00E0	
CH3CHO (9 4 6 3 _ 10 2 9 3) 	44003	332264.763	281.154	1.37E-7	8.698E-7	100	0.00E0	
CH3CHO (36 11 26 3 _ 36 6 30 6) 	44003	332270.992	1091.1	3.92E-8	2.903E-10	100	0.00E0	
CH3CHO (39 7 33 7 _ 39 11 29 4) 	44003	332321.340	1212.597	1.55E-7	3.693E-10	100	0.00E0	
CH3CHO (25 21 4 3 _ 25 19 6 6) 	44003	332351.335	1485.762	2.69E-7	2.685E-11	100	0.00E0	
CH3CHO (25 21 5 3 _ 25 19 7 6) 	44003	332351.335	1485.762	2.69E-7	2.685E-11	100	0.00E0	
CH3CHO (17 13 5 7 _ 16 13 4 7) 	44003	332357.787	885.921	5.61E-4	1.549E-5	100	0.00E0	
CH3CHO (17 14 3 8 _ 16 14 2 8) 	44003	332361.773	951.18	4.01E-4	5.764E-6	100	0.00E0	
CH3CHO (42 4 39 3 _ 41 5 36 3) 	44003	332484.262	1078.194	2.53E-5	2.484E-7	100	0.00E0	
CH3CHO (42 4 39 1 _ 41 5 36 2) 	44003	332502.264	872.892	2.66E-5	2.029E-6	100	0.00E0	
CH3CHO (23 9 14 3 _ 24 8 17 3) 	44003	332508.704	642.7	2.47E-5	1.041E-5	100	0.00E0	
CH3CHO (23 9 15 3 _ 24 8 16 3) 	44003	332508.749	642.7	2.47E-5	1.041E-5	100	0.00E0	
CH3CHO (34 6 28 6 _ 33 11 22 3) 	44003	332563.457	1010.116	2.79E-8	4.377E-10	100	0.00E0	
CH3CHO (14 1 14 7 _ 13 0 13 8) 	44003	332567.899	476.13	1.31E-4	1.800E-4	100	0.00E0	
CH3CHO (29 3 27 0 _ 29 2 28 0) 	44003	332576.885	422.846	1.01E-4	4.815E-4	100	0.00E0	
CH3CHO (27 3 25 4 _ 27 1 26 5) 	44003	332597.898	575.768	6.62E-6	6.380E-6	100	0.00E0	
CH3CHO (31 7 25 6 _ 32 5 28 6) 	44003	332608.497	945.378	3.56E-7	9.762E-9	100	0.00E0	
CH3CHO (22 4 18 2 _ 22 3 20 1) 	44003	332631.140	270.622	4.74E-7	7.904E-6	100	0.00E0	
CH3CHO (39 5 35 6 _ 38 6 32 6) 	44003	332679.014	1159.955	4.58E-5	1.840E-7	100	0.00E0	
CH3CHO (46 6 40 6 _ 46 5 41 6) 	44003	332689.787	1458.147	1.53E-4	3.667E-8	100	0.00E0	
CH3CHO (17 9 8 8 _ 18 8 10 8) 	44003	332744.470	708.09	1.35E-5	2.205E-6	100	0.00E0	
CH3CHO (22 5 18 7 _ 22 4 18 8) 	44003	332761.630	665.623	7.62E-5	2.445E-5	100	0.00E0	
CH3CHO (9 2 8 1 _ 8 1 8 1) 	44003	332815.709	50.639	2.00E-6	1.267E-4	100	0.00E0	
CH3CHO (3 3 0 3 _ 3 1 3 3) 	44003	332821.809	230.034	5.52E-8	2.145E-7	100	0.00E0	
CH3CHO (24 4 21 1 _ 24 3 22 1) 	44003	332857.852	314.122	1.27E-4	1.491E-3	100	0.00E0	
CH3CHO (5 3 2 2 _ 4 2 3 1) 	44003	332896.105	34.26	4.15E-7	1.797E-5	100	0.00E0	
CH3CHO (17 4 14 7 _ 18 0 18 8) 	44003	332916.827	548.85	1.49E-8	1.191E-8	100	0.00E0	
CH3CHO (17 2 16 7 _ 16 2 15 7) 	44003	332924.879	533.491	1.16E-3	1.084E-3	100	0.00E0	
CH3CHO (42 4 39 0 _ 41 5 36 0) 	44003	332989.537	872.908	2.67E-5	2.035E-6	100	0.00E0	
CH3CHO (39 15 24 5 _ 39 12 28 7) 	44003	333155.034	1428.45	1.99E-6	2.720E-10	100	0.00E0	
CH3CHO (39 16 24 4 _ 39 12 28 7) 	44003	333155.034	1428.45	1.99E-6	2.720E-10	100	0.00E0	
CH3CHO (22 4 19 7 _ 23 0 23 8) 	44003	333170.880	643.784	2.74E-7	1.091E-7	100	0.00E0	
CH3CHO (34 2 32 6 _ 34 2 33 6) 	44003	333223.310	950.727	1.21E-6	3.427E-8	100	0.00E0	
CH3CHO (23 9 14 2 _ 24 8 16 2) 	44003	333228.135	437.704	2.55E-5	8.325E-5	100	0.00E0	
CH3CHO (40 3 37 0 _ 40 2 38 0) 	44003	333232.480	791.109	1.25E-4	2.055E-5	100	0.00E0	
CH3CHO (24 4 21 0 _ 24 3 22 0) 	44003	333285.535	314.177	1.28E-4	1.496E-3	100	0.00E0	
CH3CHO (17 7 11 7 _ 16 7 10 7) 	44003	333304.276	621.507	1.03E-3	3.970E-4	100	0.00E0	
CH3CHO (23 9 15 0 _ 24 8 16 0) 	44003	333337.570	437.637	2.55E-5	8.329E-5	100	0.00E0	
CH3CHO (23 9 14 0 _ 24 8 17 0) 	44003	333337.574	437.637	2.55E-5	8.329E-5	100	0.00E0	
CH3CHO (36 11 25 3 _ 36 6 31 6) 	44003	333342.882	1091.1	3.97E-8	2.921E-10	100	0.00E0	
CH3CHO (40 3 37 2 _ 40 2 38 2) 	44003	333387.552	791.073	1.25E-4	2.050E-5	100	0.00E0	
CH3CHO (33 4 29 8 _ 32 5 28 7) 	44003	333398.243	938.454	3.95E-6	1.229E-7	100	0.00E0	
CH3CHO (17 8 10 6 _ 16 8 9 6) 	44003	333419.307	656.681	9.68E-4	2.632E-4	100	0.00E0	
CH3CHO (17 8 9 6 _ 16 8 8 6) 	44003	333419.501	656.681	9.68E-4	2.632E-4	100	0.00E0	
CH3CHO (36 27 9 6 _ 36 26 10 6) 	44003	333446.971	2584.639	5.19E-5	1.247E-13	100	0.00E0	
CH3CHO (36 27 10 6 _ 36 26 11 6) 	44003	333446.971	2584.639	5.19E-5	1.247E-13	100	0.00E0	
CH3CHO (11 3 9 4 _ 11 1 10 5) 	44003	333456.550	285.626	1.09E-6	7.952E-6	100	0.00E0	
CH3CHO (17 2 15 5 _ 16 2 14 5) 	44003	333473.146	357.992	1.25E-3	3.358E-3	100	0.00E0	
CH3CHO (17 2 15 5 _ 16 2 14 5) 	44003	333473.146	357.992	1.25E-3	3.358E-3	100	0.00E0	
CH3CHO (38 3 36 7 _ 38 1 37 8) 	44003	333494.534	1081.626	1.56E-5	1.330E-7	100	0.00E0	
CH3CHO (17 10 7 6 _ 16 10 6 6) 	44003	333508.192	734.065	8.11E-4	1.017E-4	100	0.00E0	
CH3CHO (17 10 8 6 _ 16 10 7 6) 	44003	333508.213	734.065	8.11E-4	1.017E-4	100	0.00E0	
CH3CHO (42 10 33 4 _ 42 3 39 8) 	44003	333515.213	1263.519	8.49E-7	1.297E-9	100	0.00E0	
CH3CHO (46 2 44 6 _ 46 9 38 3) 	44003	333634.817	1402.625	1.18E-7	4.897E-11	100	0.00E0	
CH3CHO (27 12 16 4 _ 28 7 22 7) 	44003	333667.084	875.859	1.17E-7	5.561E-9	100	0.00E0	
CH3CHO (14 7 8 7 _ 15 6 10 7) 	44003	333702.888	576.353	1.81E-5	9.100E-6	100	0.00E0	
CH3CHO (28 10 18 5 _ 29 1 28 8) 	44003	333731.704	804.482	1.02E-5	1.025E-6	100	0.00E0	
CH3CHO (46 11 36 3 _ 46 6 40 6) 	44003	333735.455	1474.164	6.24E-7	1.266E-10	100	0.00E0	
CH3CHO (44 17 27 6 _ 45 16 30 6) 	44003	333738.903	1853.452	7.06E-7	3.093E-12	100	0.00E0	
CH3CHO (46 3 43 6 _ 46 2 44 6) 	44003	333788.697	1418.644	9.57E-5	3.384E-8	100	0.00E0	
CH3CHO (34 2 32 3 _ 34 1 33 3) 	44003	333795.430	772.668	8.44E-5	1.415E-5	100	0.00E0	
CH3CHO (44 18 26 6 _ 45 16 29 6) 	44003	333809.897	1853.456	7.85E-7	3.435E-12	100	0.00E0	
CH3CHO (14 3 12 0 _ 14 1 13 0) 	44003	333845.236	117.594	1.66E-6	8.204E-5	100	0.00E0	
CH3CHO (17 11 7 7 _ 16 11 6 7) 	44003	333868.457	782.864	7.28E-4	5.592E-5	100	0.00E0	
CH3CHO (18 1 18 1 _ 17 1 17 1) 	44003	333941.356	155.221	1.28E-3	5.518E-2	100	0.00E0	
CH3CHO (18 1 18 0 _ 17 1 17 0) 	44003	333959.754	155.152	1.28E-3	5.517E-2	100	0.00E0	
CH3CHO (37 26 12 1 _ 36 25 11 5) 	44003	334058.670	2241.08	1.52E-5	1.162E-12	100	0.00E0	
CH3CHO (8 5 4 7 _ 9 3 7 7) 	44003	334085.040	459.911	5.99E-8	5.636E-8	100	0.00E0	
CH3CHO (23 9 15 1 _ 24 8 17 1) 	44003	334154.766	437.704	2.57E-5	8.343E-5	100	0.00E0	
CH3CHO (6 3 4 7 _ 6 1 5 8) 	44003	334191.245	422.772	1.11E-6	1.162E-6	100	0.00E0	
CH3CHO (23 4 20 4 _ 23 3 21 4) 	44003	334200.796	497.24	1.22E-4	2.176E-4	100	0.00E0	
CH3CHO (4 4 0 8 _ 4 2 2 8) 	44003	334203.069	422.873	8.99E-8	6.480E-8	100	0.00E0	
CH3CHO (38 25 13 6 _ 38 27 12 0) 	44003	334232.177	2325.887	8.31E-6	2.785E-13	100	0.00E0	
CH3CHO (38 25 14 6 _ 38 27 11 0) 	44003	334232.177	2325.887	8.31E-6	2.785E-13	100	0.00E0	
CH3CHO (22 12 10 8 _ 21 15 6 5) 	44003	334241.795	937.902	1.33E-7	2.786E-9	100	0.00E0	
CH3CHO (22 4 19 4 _ 22 3 20 4) 	44003	334252.132	475.85	1.22E-4	2.588E-4	100	0.00E0	
CH3CHO (24 3 21 8 _ 23 4 20 7) 	44003	334305.595	681.766	3.64E-6	1.072E-6	100	0.00E0	
CH3CHO (18 1 18 3 _ 17 1 17 3) 	44003	334341.281	361.719	1.30E-3	7.105E-3	100	0.00E0	
CH3CHO (34 2 32 5 _ 34 2 33 4) 	44003	334371.730	773.508	6.59E-6	1.092E-6	100	0.00E0	
CH3CHO (28 10 18 5 _ 29 9 20 5) 	44003	334375.880	804.482	1.64E-5	1.645E-6	100	0.00E0	
CH3CHO (24 5 19 8 _ 25 2 23 8) 	44003	334402.060	712.434	1.13E-6	2.438E-7	100	0.00E0	
CH3CHO (23 1 22 8 _ 22 2 21 7) 	44003	334432.288	642.065	1.06E-4	4.474E-5	100	0.00E0	
CH3CHO (14 3 11 2 _ 14 1 13 2) 	44003	334438.041	117.678	1.45E-7	7.114E-6	100	0.00E0	
CH3CHO (25 3 22 6 _ 25 2 23 6) 	44003	334491.062	709.843	1.74E-4	4.034E-5	100	0.00E0	
CH3CHO (15 3 12 5 _ 14 3 12 4) 	44003	334493.730	337.95	2.11E-7	1.222E-6	100	0.00E0	
CH3CHO (30 19 12 4 _ 29 17 13 7) 	44003	334577.698	1436.812	3.45E-7	6.649E-11	100	0.00E0	
CH3CHO (18 11 7 8 _ 17 11 6 8) 	44003	334622.970	818.699	8.75E-4	4.939E-5	100	0.00E0	
CH3CHO (17 8 9 8 _ 18 7 11 8) 	44003	334634.729	675.945	2.07E-5	4.608E-6	100	0.00E0	
CH3CHO (40 3 37 8 _ 40 3 38 7) 	44003	334637.249	1169.859	7.31E-6	2.697E-8	100	0.00E0	
CH3CHO (17 2 15 3 _ 16 2 14 3) 	44003	334637.404	357.955	1.28E-3	6.847E-3	100	0.00E0	
CH3CHO (17 4 14 7 _ 16 4 13 7) 	44003	334665.820	548.85	1.18E-3	9.393E-4	100	0.00E0	
CH3CHO (14 7 8 3 _ 15 6 9 3) 	44003	334692.870	412.016	1.97E-5	5.093E-5	100	0.00E0	
CH3CHO (14 7 7 3 _ 15 6 10 3) 	44003	334692.901	412.016	1.97E-5	5.093E-5	100	0.00E0	
CH3CHO (27 10 18 4 _ 28 9 20 4) 	44003	334710.049	777.428	2.59E-5	3.289E-6	100	0.00E0	
CH3CHO (34 27 7 0 _ 34 25 9 3) 	44003	334726.298	2169.655	3.18E-6	4.539E-13	100	0.00E0	
CH3CHO (34 27 8 0 _ 34 25 10 3) 	44003	334726.298	2169.655	3.18E-6	4.539E-13	100	0.00E0	
CH3CHO (25 4 22 1 _ 25 3 23 1) 	44003	334756.255	337.328	1.30E-4	1.242E-3	100	0.00E0	
CH3CHO (19 2 17 5 _ 19 1 19 4) 	44003	334762.285	392.913	6.85E-7	2.878E-6	100	0.00E0	
CH3CHO (24 4 21 4 _ 24 3 22 4) 	44003	334801.967	519.563	1.24E-4	1.847E-4	100	0.00E0	
CH3CHO (41 3 39 6 _ 40 4 36 6) 	44003	334804.299	1203.443	2.16E-5	5.827E-8	100	0.00E0	
CH3CHO (23 4 20 7 _ 22 4 18 8) 	44003	334820.456	665.722	3.79E-7	1.252E-7	100	0.00E0	
CH3CHO (23 4 19 2 _ 23 3 21 1) 	44003	334838.306	292.015	1.62E-7	2.248E-6	100	0.00E0	
CH3CHO (26 2 25 4 _ 26 1 26 4) 	44003	334850.704	536.16	6.32E-5	8.612E-5	100	0.00E0	
CH3CHO (17 16 2 7 _ 16 16 1 7) 	44003	334858.409	1077.231	1.44E-4	5.803E-7	100	0.00E0	
CH3CHO (21 4 18 4 _ 21 3 19 4) 	44003	334904.290	455.395	1.24E-4	3.075E-4	100	0.00E0	
CH3CHO (17 2 15 2 _ 16 2 14 2) 	44003	334904.591	152.628	1.28E-3	5.316E-2	100	0.00E0	
CH3CHO (17 2 15 0 _ 16 2 14 0) 	44003	334931.415	152.612	1.28E-3	5.315E-2	100	0.00E0	
CH3CHO (37 10 28 7 _ 37 13 25 4) 	44003	334941.932	1248.233	1.76E-6	2.748E-9	100	0.00E0	
CH3CHO (18 1 18 4 _ 17 1 17 4) 	44003	334980.853	359.892	1.28E-3	7.097E-3	100	0.00E0	
CH3CHO (24 5 19 6 _ 24 4 20 6) 	44003	335024.338	721.918	1.02E-4	2.006E-5	100	0.00E0	
CH3CHO (26 1 25 8 _ 26 0 26 8) 	44003	335029.936	711.275	6.92E-5	1.635E-5	100	0.00E0	
CH3CHO (17 12 6 7 _ 16 12 5 7) 	44003	335074.450	830.016	6.30E-4	2.999E-5	100	0.00E0	
CH3CHO (45 13 33 7 _ 46 14 32 5) 	44003	335075.152	1657.924	1.74E-6	5.465E-11	100	0.00E0	
CH3CHO (17 9 8 6 _ 16 9 7 6) 	44003	335094.990	690.91	8.99E-4	1.718E-4	100	0.00E0	
CH3CHO (4 3 1 3 _ 4 1 4 3) 	44003	335119.129	233.743	1.40E-7	6.654E-7	100	0.00E0	
CH3CHO (5 3 3 7 _ 5 2 4 7) 	44003	335128.845	417.561	7.96E-7	7.361E-7	100	0.00E0	
CH3CHO (25 4 22 0 _ 25 3 23 0) 	44003	335131.734	337.381	1.30E-4	1.245E-3	100	0.00E0	
CH3CHO (17 15 3 7 _ 16 15 2 7) 	44003	335132.657	1008.458	2.80E-4	2.237E-6	100	0.00E0	
CH3CHO (11 4 8 1 _ 12 2 11 1) 	44003	335165.977	97.142	5.29E-8	2.517E-6	100	0.00E0	
CH3CHO (17 9 9 6 _ 16 9 8 6) 	44003	335224.011	690.917	8.96E-4	1.712E-4	100	0.00E0	
CH3CHO (7 2 5 5 _ 6 1 6 4) 	44003	335245.123	241.242	4.51E-6	3.314E-5	100	0.00E0	
CH3CHO (23 9 15 4 _ 24 8 17 4) 	44003	335266.964	641.004	2.49E-5	1.054E-5	100	0.00E0	
CH3CHO (46 15 31 8 _ 46 18 28 5) 	44003	335283.741	1940.779	1.02E-5	1.937E-11	100	0.00E0	
CH3CHO (18 0 18 2 _ 17 0 17 2) 	44003	335318.109	154.926	1.30E-3	5.562E-2	100	0.00E0	
CH3CHO (37 6 32 3 _ 38 3 35 3) 	44003	335330.783	937.688	8.85E-7	3.072E-8	100	0.00E0	
CH3CHO (33 11 22 3 _ 34 4 30 6) 	44003	335346.473	994.155	9.15E-8	1.612E-9	100	0.00E0	
CH3CHO (17 8 9 5 _ 18 7 11 5) 	44003	335351.812	490.112	2.09E-5	2.970E-5	100	0.00E0	
CH3CHO (18 0 18 0 _ 17 0 17 0) 	44003	335358.722	154.852	1.29E-3	5.563E-2	100	0.00E0	
CH3CHO (18 0 18 3 _ 17 0 17 3) 	44003	335382.461	361.482	1.31E-3	7.153E-3	100	0.00E0	
CH3CHO (40 3 38 6 _ 39 4 35 6) 	44003	335425.512	1165.892	2.20E-5	8.411E-8	100	0.00E0	
CH3CHO (17 3 14 2 _ 16 3 14 1) 	44003	335442.493	162.372	3.00E-6	1.129E-4	100	0.00E0	
CH3CHO (39 27 13 4 _ 39 26 14 4) 	44003	335472.375	2542.737	2.02E-5	7.882E-14	100	0.00E0	
CH3CHO (7 6 2 4 _ 8 5 4 4) 	44003	335476.397	310.822	5.91E-6	2.164E-5	100	0.00E0	
CH3CHO (11 3 8 8 _ 11 2 10 7) 	44003	335557.696	466.861	5.95E-5	7.011E-5	100	0.00E0	
CH3CHO (17 6 12 7 _ 16 6 11 7) 	44003	335560.509	591.596	1.10E-3	5.673E-4	100	0.00E0	
CH3CHO (12 1 11 5 _ 11 0 11 5) 	44003	335566.548	280.943	3.48E-6	2.861E-5	100	0.00E0	
CH3CHO (24 1 23 6 _ 24 1 24 6) 	44003	335573.007	657.909	2.81E-6	1.044E-6	100	0.00E0	
CH3CHO (9 3 6 8 _ 10 1 10 7) 	44003	335597.278	447.14	1.63E-6	1.931E-6	100	0.00E0	
CH3CHO (45 7 38 8 _ 44 8 37 7) 	44003	335602.890	1451.734	1.97E-5	4.845E-9	100	0.00E0	
CH3CHO (13 3 11 1 _ 13 1 12 2) 	44003	335691.052	104.561	1.22E-6	6.324E-5	100	0.00E0	
CH3CHO (35 4 31 5 _ 34 5 30 4) 	44003	335701.130	829.024	2.29E-5	2.225E-6	100	0.00E0	
CH3CHO (13 2 12 3 _ 12 1 11 3) 	44003	335705.914	298.378	8.00E-5	5.958E-4	100	0.00E0	
CH3CHO (24 1 23 6 _ 23 2 22 6) 	44003	335779.511	657.909	1.10E-4	4.064E-5	100	0.00E0	
CH3CHO (23 2 21 8 _ 22 3 20 7) 	44003	335831.661	651.532	1.17E-4	4.447E-5	100	0.00E0	
CH3CHO (28 4 25 3 _ 28 3 26 3) 	44003	335837.737	616.991	1.25E-4	8.090E-5	100	0.00E0	
CH3CHO (22 5 18 6 _ 23 3 21 6) 	44003	335865.913	679.304	1.33E-6	3.662E-7	100	0.00E0	
CH3CHO (11 2 9 2 _ 10 1 9 2) 	44003	335874.208	70.596	7.29E-7	4.507E-5	100	0.00E0	
CH3CHO (12 4 9 4 _ 13 2 12 4) 	44003	335878.825	313.361	1.49E-7	8.829E-7	100	0.00E0	
CH3CHO (35 18 18 4 _ 36 14 23 7) 	44003	335899.068	1507.531	1.61E-7	1.771E-11	100	0.00E0	
CH3CHO (17 5 13 7 _ 16 5 12 7) 	44003	335899.135	571.268	1.16E-3	7.276E-4	100	0.00E0	
CH3CHO (25 4 22 4 _ 25 3 23 4) 	44003	335968.783	542.811	1.29E-4	1.578E-4	100	0.00E0	
CH3CHO (11 4 7 2 _ 12 2 11 1) 	44003	335988.229	97.181	3.83E-8	1.814E-6	100	0.00E0	
CH3CHO (20 4 17 4 _ 20 3 18 4) 	44003	336002.155	435.877	1.27E-4	3.612E-4	100	0.00E0	
CH3CHO (18 1 18 7 _ 17 1 17 7) 	44003	336024.956	535.33	1.27E-3	1.206E-3	100	0.00E0	
CH3CHO (12 4 8 8 _ 13 1 12 8) 	44003	336080.492	487.469	1.13E-7	1.173E-7	100	0.00E0	
CH3CHO (17 2 15 6 _ 16 2 14 6) 	44003	336127.216	529.83	1.25E-3	1.186E-3	100	0.00E0	
CH3CHO (26 2 25 4 _ 26 0 26 5) 	44003	336157.564	536.16	6.44E-6	8.710E-6	100	0.00E0	
CH3CHO (18 8 11 0 _ 19 7 12 0) 	44003	336159.152	302.315	2.31E-5	2.257E-4	100	0.00E0	
CH3CHO (18 8 10 0 _ 19 7 13 0) 	44003	336159.159	302.315	2.31E-5	2.257E-4	100	0.00E0	
CH3CHO (24 5 20 6 _ 24 4 21 6) 	44003	336240.025	721.915	1.03E-4	2.009E-5	100	0.00E0	
CH3CHO (18 9 9 8 _ 17 9 8 8) 	44003	336257.097	724.228	1.02E-3	1.461E-4	100	0.00E0	
CH3CHO (45 3 43 6 _ 44 4 40 6) 	44003	336263.342	1362.221	1.78E-5	1.071E-8	100	0.00E0	
CH3CHO (41 6 35 8 _ 40 7 34 7) 	44003	336357.265	1266.293	2.69E-7	3.838E-10	100	0.00E0	
CH3CHO (24 3 21 5 _ 24 2 23 4) 	44003	336360.457	505.782	2.68E-6	4.535E-6	100	0.00E0	
CH3CHO (39 8 32 7 _ 40 6 34 8) 	44003	336387.425	1244.283	9.16E-8	1.551E-10	100	0.00E0	
CH3CHO (18 0 18 5 _ 17 0 17 5) 	44003	336415.661	359.556	1.30E-3	7.165E-3	100	0.00E0	
CH3CHO (30 11 19 3 _ 29 7 23 6) 	44003	336500.443	905.51	2.67E-8	1.034E-9	100	0.00E0	
CH3CHO (30 11 20 3 _ 29 7 22 6) 	44003	336512.842	905.51	2.67E-8	1.034E-9	100	0.00E0	
CH3CHO (39 5 34 3 _ 39 4 35 3) 	44003	336523.660	986.268	1.57E-4	3.510E-6	100	0.00E0	
CH3CHO (25 4 22 7 _ 25 2 23 8) 	44003	336678.032	712.544	2.58E-5	5.730E-6	100	0.00E0	
CH3CHO (35 8 28 7 _ 36 11 26 4) 	44003	336792.642	1107.249	4.46E-7	2.665E-9	100	0.00E0	
CH3CHO (10 3 8 4 _ 10 1 9 5) 	44003	336793.605	275.405	7.74E-7	5.605E-6	100	0.00E0	
CH3CHO (37 11 27 3 _ 37 6 31 6) 	44003	336814.248	1125.259	5.75E-8	3.030E-10	100	0.00E0	
CH3CHO (28 3 26 1 _ 28 1 27 2) 	44003	336817.789	396.067	8.02E-6	4.719E-5	100	0.00E0	
CH3CHO (38 13 26 6 _ 39 13 27 6) 	44003	336819.726	1442.832	1.22E-5	2.756E-9	100	0.00E0	
CH3CHO (38 13 25 6 _ 39 12 28 6) 	44003	336849.165	1442.832	1.22E-5	2.764E-9	100	0.00E0	
CH3CHO (41 13 29 4 _ 42 12 31 4) 	44003	336854.319	1377.903	2.85E-5	1.328E-8	100	0.00E0	
CH3CHO (29 2 28 3 _ 29 1 29 3) 	44003	336881.818	612.282	4.35E-5	3.044E-5	100	0.00E0	
CH3CHO (18 8 10 2 _ 19 7 12 2) 	44003	336885.020	302.404	2.32E-5	2.261E-4	100	0.00E0	
CH3CHO (23 12 12 3 _ 24 7 18 6) 	44003	336893.437	781.454	1.17E-8	1.204E-9	100	0.00E0	
CH3CHO (23 12 11 3 _ 24 7 17 6) 	44003	336895.077	781.454	1.17E-8	1.204E-9	100	0.00E0	
CH3CHO (45 16 30 7 _ 45 19 27 4) 	44003	336940.288	1898.74	1.21E-5	3.373E-11	100	0.00E0	
CH3CHO (26 4 23 1 _ 26 3 24 1) 	44003	337052.444	361.465	1.32E-4	1.022E-3	100	0.00E0	
CH3CHO (18 8 10 8 _ 17 8 9 8) 	44003	337054.586	692.121	1.13E-3	2.224E-4	100	0.00E0	
CH3CHO (18 1 18 6 _ 17 1 17 6) 	44003	337081.572	526.136	1.26E-3	1.312E-3	100	0.00E0	
CH3CHO (29 16 14 7 _ 29 18 12 4) 	44003	337125.000	1344.038	2.77E-7	1.288E-10	100	0.00E0	
CH3CHO (13 1 12 2 _ 12 1 12 1) 	44003	337152.137	88.451	1.06E-8	6.370E-7	100	0.00E0	
CH3CHO (27 10 17 3 _ 28 9 20 3) 	44003	337174.852	778.951	2.68E-5	3.297E-6	100	0.00E0	
CH3CHO (27 10 18 3 _ 28 9 19 3) 	44003	337175.820	778.951	2.68E-5	3.297E-6	100	0.00E0	
CH3CHO (24 2 22 3 _ 23 3 21 3) 	44003	337187.276	496.787	5.71E-5	1.053E-4	100	0.00E0	
CH3CHO (12 2 11 1 _ 11 1 10 2) 	44003	337241.754	81.056	8.47E-5	5.088E-3	100	0.00E0	
CH3CHO (43 22 22 6 _ 42 23 20 3) 	44003	337256.357	2233.207	5.16E-6	4.858E-13	100	0.00E0	
CH3CHO (43 22 21 6 _ 42 23 19 3) 	44003	337256.358	2233.207	5.16E-6	4.858E-13	100	0.00E0	
CH3CHO (43 5 38 8 _ 42 6 36 8) 	44003	337287.440	1321.55	3.50E-5	2.994E-8	100	0.00E0	
CH3CHO (42 1 41 6 _ 43 12 32 0) 	44003	337336.921	1214.364	4.47E-8	1.093E-10	100	0.00E0	
CH3CHO (19 4 16 4 _ 19 3 17 4) 	44003	337356.881	417.294	1.29E-4	4.172E-4	100	0.00E0	
CH3CHO (38 3 36 7 _ 37 4 34 7) 	44003	337358.960	1081.626	1.21E-5	1.012E-7	100	0.00E0	
CH3CHO (43 16 27 8 _ 43 19 24 5) 	44003	337366.317	1817.596	1.65E-5	9.881E-11	100	0.00E0	
CH3CHO (26 4 23 0 _ 26 3 24 0) 	44003	337374.455	361.515	1.33E-4	1.025E-3	100	0.00E0	
CH3CHO (18 8 11 1 _ 19 7 13 1) 	44003	337386.378	302.342	2.33E-5	2.264E-4	100	0.00E0	
CH3CHO (35 11 24 6 _ 36 10 27 6) 	44003	337389.273	1233.661	2.31E-5	3.881E-8	100	0.00E0	
CH3CHO (9 8 1 6 _ 10 7 4 6) 	44003	337393.296	554.765	3.52E-6	1.406E-6	100	0.00E0	
CH3CHO (9 8 2 6 _ 10 7 3 6) 	44003	337393.296	554.765	3.52E-6	1.406E-6	100	0.00E0	
CH3CHO (38 5 33 0 _ 38 4 34 0) 	44003	337421.036	744.588	1.59E-4	3.860E-5	100	0.00E0	
CH3CHO (29 2 28 3 _ 29 0 29 3) 	44003	337447.601	612.282	1.54E-5	1.073E-5	100	0.00E0	
CH3CHO (41 3 38 0 _ 41 3 39 0) 	44003	337487.827	829.535	9.84E-6	1.100E-6	100	0.00E0	
CH3CHO (28 3 26 0 _ 28 1 27 0) 	44003	337489.922	396.101	7.66E-6	4.486E-5	100	0.00E0	
CH3CHO (27 9 18 5 _ 27 0 27 8) 	44003	337499.840	735.591	4.37E-8	8.281E-9	100	0.00E0	
CH3CHO (21 5 16 5 _ 22 3 20 4) 	44003	337524.065	476.007	1.77E-7	3.509E-7	100	0.00E0	
CH3CHO (29 11 18 8 _ 30 10 20 8) 	44003	337530.289	1056.717	2.31E-5	1.893E-7	100	0.00E0	
CH3CHO (41 3 38 2 _ 41 3 39 1) 	44003	337531.202	829.498	1.03E-5	1.155E-6	100	0.00E0	
CH3CHO (26 4 23 4 _ 26 3 24 4) 	44003	337542.079	566.977	1.34E-4	1.325E-4	100	0.00E0	
CH3CHO (4 3 2 6 _ 5 2 3 6) 	44003	337543.233	415.94	1.88E-5	1.426E-5	100	0.00E0	
CH3CHO (11 4 8 0 _ 12 2 11 0) 	44003	337602.798	97.245	8.68E-8	4.072E-6	100	0.00E0	
CH3CHO (44 26 18 3 _ 43 27 17 3) 	44003	337625.689	2745.698	2.23E-5	1.273E-14	100	0.00E0	
CH3CHO (44 26 19 3 _ 43 27 16 3) 	44003	337625.689	2745.698	2.23E-5	1.273E-14	100	0.00E0	
CH3CHO (36 9 27 8 _ 36 13 24 4) 	44003	337627.871	1214.277	5.45E-7	1.142E-9	100	0.00E0	
CH3CHO (24 4 20 2 _ 24 3 22 1) 	44003	337698.544	314.354	4.92E-8	5.599E-7	100	0.00E0	
CH3CHO (31 19 13 4 _ 30 16 14 8) 	44003	337759.362	1465.376	6.18E-7	9.076E-11	100	0.00E0	
CH3CHO (12 4 9 7 _ 12 2 11 7) 	44003	337774.852	478.517	2.77E-6	3.115E-6	100	0.00E0	
CH3CHO (10 1 9 8 _ 9 1 9 7) 	44003	337788.432	438.156	8.27E-5	1.170E-4	100	0.00E0	
CH3CHO (42 26 17 4 _ 41 27 15 4) 	44003	337792.391	2647.543	2.84E-5	4.137E-14	100	0.00E0	
CH3CHO (33 27 6 0 _ 34 26 9 0) 	44003	337823.834	2137.65	9.21E-7	1.729E-13	100	0.00E0	
CH3CHO (33 27 7 0 _ 34 26 8 0) 	44003	337823.834	2137.65	9.21E-7	1.729E-13	100	0.00E0	
CH3CHO (29 11 19 7 _ 30 10 21 7) 	44003	337839.615	1045.774	1.76E-5	1.609E-7	100	0.00E0	
CH3CHO (38 5 33 2 _ 38 4 34 2) 	44003	337853.426	744.588	1.59E-4	3.860E-5	100	0.00E0	
CH3CHO (20 1 19 3 _ 19 2 18 3) 	44003	337866.165	405.459	9.63E-5	3.688E-4	100	0.00E0	
CH3CHO (33 6 27 8 _ 34 4 30 8) 	44003	337877.753	987.081	2.40E-6	4.470E-8	100	0.00E0	
CH3CHO (17 1 16 6 _ 16 1 15 6) 	44003	337882.923	518.536	1.27E-3	1.343E-3	100	0.00E0	
CH3CHO (4 3 1 6 _ 5 2 4 6) 	44003	337918.796	415.94	1.89E-5	1.427E-5	100	0.00E0	
CH3CHO (18 12 6 8 _ 17 12 5 8) 	44003	337929.742	864.042	8.52E-4	3.000E-5	100	0.00E0	
CH3CHO (38 3 36 4 _ 37 4 34 4) 	44003	337930.816	909.771	2.73E-7	1.265E-8	100	0.00E0	
CH3CHO (29 10 19 6 _ 30 9 22 6) 	44003	337976.913	999.959	1.55E-5	2.230E-7	100	0.00E0	
CH3CHO (38 7 31 5 _ 39 5 35 4) 	44003	337982.820	1001.09	2.92E-8	5.428E-10	100	0.00E0	
CH3CHO (13 3 10 2 _ 13 1 12 2) 	44003	338038.199	104.674	2.30E-7	1.175E-5	100	0.00E0	
CH3CHO (5 3 2 3 _ 5 1 5 3) 	44003	338043.752	238.38	2.51E-7	1.368E-6	100	0.00E0	
CH3CHO (30 4 26 6 _ 30 3 27 6) 	44003	338080.503	857.864	1.36E-4	8.421E-6	100	0.00E0	
CH3CHO (44 16 28 8 _ 44 18 26 5) 	44003	338084.490	1857.679	1.44E-5	5.883E-11	100	0.00E0	
CH3CHO (43 4 40 1 _ 42 5 37 2) 	44003	338091.659	912.563	2.61E-5	1.327E-6	100	0.00E0	
CH3CHO (7 2 5 8 _ 6 2 5 7) 	44003	338100.611	423.485	3.76E-5	4.392E-5	100	0.00E0	
CH3CHO (5 3 2 5 _ 4 2 2 5) 	44003	338103.313	240.805	1.24E-4	6.622E-4	100	0.00E0	
CH3CHO (18 13 5 6 _ 17 13 4 6) 	44003	338141.450	924.95	6.61E-4	1.265E-5	100	0.00E0	
CH3CHO (18 13 6 6 _ 17 13 5 6) 	44003	338141.450	924.95	6.61E-4	1.265E-5	100	0.00E0	
CH3CHO (33 4 30 6 _ 32 5 27 6) 	44003	338151.488	945.739	5.33E-5	1.499E-6	100	0.00E0	
CH3CHO (18 16 2 8 _ 17 16 1 8) 	44003	338162.990	1116.925	3.19E-4	8.959E-7	100	0.00E0	
CH3CHO (31 4 28 7 _ 31 3 29 7) 	44003	338187.029	873.78	8.81E-5	4.783E-6	100	0.00E0	
CH3CHO (13 3 11 0 _ 13 1 12 0) 	44003	338199.794	104.623	1.42E-6	7.225E-5	100	0.00E0	
CH3CHO (38 5 33 5 _ 38 4 34 5) 	44003	338231.785	950.041	1.39E-4	4.297E-6	100	0.00E0	
CH3CHO (39 4 36 4 _ 38 5 34 4) 	44003	338245.302	964.848	8.76E-6	2.399E-7	100	0.00E0	
CH3CHO (28 3 26 4 _ 28 1 27 5) 	44003	338254.766	601.658	6.95E-6	5.193E-6	100	0.00E0	
CH3CHO (12 2 11 0 _ 11 1 10 0) 	44003	338299.453	81.043	8.61E-5	5.143E-3	100	0.00E0	
CH3CHO (30 25 6 4 _ 31 26 5 2) 	44003	338309.535	2023.877	5.65E-6	3.005E-12	100	0.00E0	
CH3CHO (18 5 14 6 _ 17 5 13 6) 	44003	338317.858	605.153	1.30E-3	6.085E-4	100	0.00E0	
CH3CHO (18 5 13 6 _ 17 5 12 6) 	44003	338319.067	605.153	1.30E-3	6.085E-4	100	0.00E0	
CH3CHO (40 9 32 6 _ 39 13 26 3) 	44003	338335.327	1319.315	4.36E-6	3.534E-9	100	0.00E0	
CH3CHO (37 11 26 3 _ 37 6 32 6) 	44003	338337.860	1125.259	5.84E-8	3.051E-10	100	0.00E0	
CH3CHO (7 4 4 6 _ 8 3 5 6) 	44003	338343.995	456.321	2.27E-5	1.906E-5	100	0.00E0	
CH3CHO (7 4 3 6 _ 8 3 6 6) 	44003	338374.039	456.321	2.27E-5	1.906E-5	100	0.00E0	
CH3CHO (30 2 28 8 _ 29 3 26 8) 	44003	338402.790	825.006	1.03E-5	8.818E-7	100	0.00E0	
CH3CHO (9 4 5 8 _ 10 2 9 7) 	44003	338421.365	456.382	4.44E-8	4.720E-8	100	0.00E0	
CH3CHO (43 4 40 3 _ 42 5 37 3) 	44003	338502.604	1117.923	2.52E-5	1.640E-7	100	0.00E0	
CH3CHO (6 3 3 5 _ 7 0 7 5) 	44003	338507.208	246.348	2.25E-8	1.339E-7	100	0.00E0	
CH3CHO (43 4 40 0 _ 42 5 37 0) 	44003	338582.882	912.578	2.62E-5	1.331E-6	100	0.00E0	
CH3CHO (42 13 30 1 _ 43 12 32 1) 	44003	338606.569	1214.383	3.26E-5	7.908E-8	100	0.00E0	
CH3CHO (20 6 15 7 _ 21 4 17 8) 	44003	338607.198	645.603	1.80E-6	6.202E-7	100	0.00E0	
CH3CHO (20 2 19 7 _ 20 1 20 7) 	44003	338622.914	586.489	7.09E-5	4.424E-5	100	0.00E0	
CH3CHO (42 13 30 0 _ 43 12 31 0) 	44003	338633.807	1214.427	3.26E-5	7.894E-8	100	0.00E0	
CH3CHO (42 13 29 0 _ 43 12 32 0) 	44003	338635.589	1214.427	3.25E-5	7.883E-8	100	0.00E0	
CH3CHO (5 4 1 8 _ 5 2 3 8) 	44003	338654.159	427.708	3.07E-7	2.511E-7	100	0.00E0	
CH3CHO (31 10 22 0 _ 31 2 30 3) 	44003	338716.146	683.749	1.14E-8	4.115E-9	100	0.00E0	
CH3CHO (18 4 15 4 _ 18 3 16 4) 	44003	338803.023	399.647	1.30E-4	4.735E-4	100	0.00E0	
CH3CHO (28 1 27 2 _ 28 1 28 1) 	44003	338974.990	379.902	6.31E-6	4.313E-5	100	0.00E0	
CH3CHO (41 2 39 8 _ 41 2 40 7) 	44003	338994.466	1189.724	1.59E-5	4.809E-8	100	0.00E0	
CH3CHO (40 6 34 8 _ 41 4 38 7) 	44003	339002.031	1228.139	4.09E-7	8.216E-10	100	0.00E0	
CH3CHO (9 2 7 2 _ 8 1 8 1) 	44003	339002.676	50.936	5.14E-5	3.138E-3	100	0.00E0	
CH3CHO (42 3 40 6 _ 41 4 37 6) 	44003	339003.852	1241.854	2.47E-5	4.547E-8	100	0.00E0	
CH3CHO (31 5 27 7 _ 31 4 27 8) 	44003	339031.100	892.675	9.17E-6	4.102E-7	100	0.00E0	
CH3CHO (13 4 10 3 _ 14 1 13 3) 	44003	339061.290	323.886	1.40E-7	7.956E-7	100	0.00E0	
CH3CHO (27 8 20 6 _ 28 11 18 3) 	44003	339081.804	867.299	9.13E-8	4.596E-9	100	0.00E0	
CH3CHO (44 7 37 3 _ 43 0 43 6) 	44003	339091.695	1232.93	8.32E-8	1.749E-10	100	0.00E0	
CH3CHO (13 7 7 0 _ 14 6 8 0) 	44003	339100.106	194.605	1.87E-5	3.849E-4	100	0.00E0	
CH3CHO (13 7 6 0 _ 14 6 9 0) 	44003	339100.119	194.605	1.87E-5	3.849E-4	100	0.00E0	
CH3CHO (42 13 29 2 _ 43 12 31 2) 	44003	339113.641	1214.417	3.27E-5	7.910E-8	100	0.00E0	
CH3CHO (28 6 23 4 _ 29 4 26 4) 	44003	339225.216	661.26	1.05E-7	4.287E-8	100	0.00E0	
CH3CHO (7 1 6 8 _ 6 0 6 8) 	44003	339263.469	413.217	4.16E-6	5.353E-6	100	0.00E0	
CH3CHO (10 5 5 8 _ 11 3 8 8) 	44003	339319.719	483.146	2.33E-5	2.088E-5	100	0.00E0	
CH3CHO (44 3 42 6 _ 43 4 39 6) 	44003	339327.210	1321.246	2.09E-5	1.816E-8	100	0.00E0	
CH3CHO (13 2 12 6 _ 13 1 13 6) 	44003	339330.852	470.439	1.24E-4	1.618E-4	100	0.00E0	
CH3CHO (12 7 6 4 _ 13 6 8 4) 	44003	339332.875	385.497	1.59E-5	4.484E-5	100	0.00E0	
CH3CHO (42 4 39 4 _ 41 5 36 5) 	44003	339399.430	1078.562	2.42E-5	2.274E-7	100	0.00E0	
CH3CHO (44 6 38 8 _ 43 7 36 8) 	44003	339409.871	1386.212	4.04E-5	1.831E-8	100	0.00E0	
CH3CHO (39 3 37 7 _ 39 2 38 7) 	44003	339436.203	1117.264	3.54E-5	2.097E-7	100	0.00E0	
CH3CHO (34 2 32 5 _ 34 1 33 5) 	44003	339440.217	773.508	1.05E-4	1.692E-5	100	0.00E0	
CH3CHO (27 4 24 4 _ 27 3 25 4) 	44003	339447.536	592.059	1.37E-4	1.080E-4	100	0.00E0	
CH3CHO (45 15 30 6 _ 45 17 28 3) 	44003	339493.570	1821.686	1.48E-6	8.834E-12	100	0.00E0	
CH3CHO (45 11 35 3 _ 45 6 39 6) 	44003	339504.313	1431.712	5.25E-7	1.544E-10	100	0.00E0	
CH3CHO (30 1 29 3 _ 30 1 30 3) 	44003	339565.095	638.969	1.55E-5	8.451E-6	100	0.00E0	
CH3CHO (30 4 27 6 _ 31 1 30 6) 	44003	339577.949	857.478	1.41E-6	8.637E-8	100	0.00E0	
CH3CHO (13 2 12 4 _ 12 1 11 5) 	44003	339592.646	297.241	4.68E-5	3.452E-4	100	0.00E0	
CH3CHO (40 6 35 7 _ 40 5 35 8) 	44003	339599.380	1218.863	9.01E-7	1.980E-9	100	0.00E0	
CH3CHO (28 1 27 2 _ 28 0 28 2) 	44003	339612.074	379.902	5.80E-5	3.948E-4	100	0.00E0	
CH3CHO (39 2 37 6 _ 39 9 31 3) 	44003	339615.730	1124.655	9.73E-8	5.349E-10	100	0.00E0	
CH3CHO (27 8 19 6 _ 28 11 17 3) 	44003	339635.296	867.326	8.14E-8	4.084E-9	100	0.00E0	
CH3CHO (25 20 6 4 _ 24 18 6 8) 	44003	339644.814	1393.874	2.28E-6	5.479E-10	100	0.00E0	
CH3CHO (34 27 8 1 _ 34 25 9 5) 	44003	339646.125	2169.727	3.22E-6	4.470E-13	100	0.00E0	
CH3CHO (32 10 23 3 _ 32 3 29 6) 	44003	339699.074	917.424	1.90E-7	6.816E-9	100	0.00E0	
CH3CHO (35 10 26 7 _ 35 13 23 4) 	44003	339778.529	1181.215	6.89E-8	1.933E-10	100	0.00E0	
CH3CHO (27 4 24 1 _ 27 3 25 1) 	44003	339781.234	386.532	1.36E-4	8.328E-4	100	0.00E0	
CH3CHO (32 11 22 4 _ 33 10 24 4) 	44003	339840.411	963.249	2.85E-5	6.470E-7	100	0.00E0	
CH3CHO (9 3 7 4 _ 9 1 8 5) 	44003	339878.259	266.118	5.11E-7	3.612E-6	100	0.00E0	
CH3CHO (12 3 10 1 _ 12 1 11 2) 	44003	339922.569	92.511	9.17E-7	4.839E-5	100	0.00E0	
CH3CHO (9 2 7 0 _ 8 1 8 0) 	44003	339975.532	50.907	5.43E-5	3.299E-3	100	0.00E0	
CH3CHO (18 3 15 8 _ 17 3 14 8) 	44003	340007.889	562.592	1.33E-3	9.450E-4	100	0.00E0	
CH3CHO (16 9 7 8 _ 17 8 9 8) 	44003	340008.781	692.263	1.39E-5	2.396E-6	100	0.00E0	
CH3CHO (30 1 29 3 _ 30 0 30 3) 	44003	340030.339	638.969	4.37E-5	2.379E-5	100	0.00E0	
CH3CHO (26 5 22 1 _ 27 2 25 2) 	44003	340044.148	381.465	5.55E-7	3.450E-6	100	0.00E0	
CH3CHO (27 4 24 0 _ 27 3 25 0) 	44003	340048.531	386.579	1.36E-4	8.350E-4	100	0.00E0	
CH3CHO (13 7 7 1 _ 14 6 9 1) 	44003	340080.403	194.563	1.88E-5	3.863E-4	100	0.00E0	
CH3CHO (23 4 20 7 _ 24 0 24 8) 	44003	340182.585	665.722	3.66E-7	1.175E-7	100	0.00E0	
CH3CHO (17 4 14 4 _ 17 3 15 4) 	44003	340223.153	382.935	1.31E-4	5.287E-4	100	0.00E0	
CH3CHO (28 1 27 0 _ 28 1 28 0) 	44003	340240.239	379.904	5.95E-6	4.032E-5	100	0.00E0	
CH3CHO (27 2 26 1 _ 27 1 27 1) 	44003	340283.845	355.194	5.99E-5	5.014E-4	100	0.00E0	
CH3CHO (15 5 11 7 _ 16 2 14 8) 	44003	340293.508	539.953	2.16E-7	1.607E-7	100	0.00E0	
CH3CHO (29 4 26 3 _ 29 3 27 3) 	44003	340296.968	643.978	1.29E-4	6.457E-5	100	0.00E0	
CH3CHO (18 1 18 3 _ 17 0 17 3) 	44003	340325.950	361.719	1.74E-4	9.158E-4	100	0.00E0	
CH3CHO (43 3 41 6 _ 42 4 38 6) 	44003	340338.538	1281.123	2.35E-5	2.967E-8	100	0.00E0	
CH3CHO (18 6 13 6 _ 17 6 12 6) 	44003	340378.073	623.805	1.24E-3	4.778E-4	100	0.00E0	
CH3CHO (18 6 12 6 _ 17 6 11 6) 	44003	340378.183	623.805	1.24E-3	4.778E-4	100	0.00E0	
CH3CHO (18 3 16 1 _ 17 3 14 2) 	44003	340411.999	178.71	1.47E-6	4.820E-5	100	0.00E0	
CH3CHO (14 3 11 8 _ 15 0 15 8) 	44003	340447.786	502.88	2.01E-8	2.030E-8	100	0.00E0	
CH3CHO (30 10 21 6 _ 30 13 17 3) 	44003	340454.706	1027.901	2.85E-8	3.165E-10	100	0.00E0	
CH3CHO (18 0 18 8 _ 17 0 17 8) 	44003	340463.327	532.873	1.35E-3	1.283E-3	100	0.00E0	
CH3CHO (42 5 37 8 _ 42 10 32 5) 	44003	340471.107	1280.96	2.59E-6	3.193E-9	100	0.00E0	
CH3CHO (13 7 6 2 _ 14 6 8 2) 	44003	340476.846	194.666	1.89E-5	3.865E-4	100	0.00E0	
CH3CHO (19 2 17 5 _ 19 0 19 5) 	44003	340526.167	392.913	1.89E-7	7.689E-7	100	0.00E0	
CH3CHO (30 3 28 4 _ 30 2 29 4) 	44003	340617.407	656.135	1.11E-4	5.062E-5	100	0.00E0	
CH3CHO (27 14 14 4 _ 28 10 19 7) 	44003	340621.490	991.684	8.48E-6	1.220E-7	100	0.00E0	
CH3CHO (38 11 28 3 _ 38 6 32 6) 	44003	340692.778	1160.34	8.23E-8	3.066E-10	100	0.00E0	
CH3CHO (30 3 28 3 _ 30 1 29 3) 	44003	340710.142	655.32	1.85E-5	8.537E-6	100	0.00E0	
CH3CHO (23 5 19 7 _ 23 4 19 8) 	44003	340736.942	687.224	8.35E-5	2.156E-5	100	0.00E0	
CH3CHO (7 5 3 7 _ 8 3 6 7) 	44003	340765.351	452.278	4.18E-8	3.607E-8	100	0.00E0	
CH3CHO (39 4 36 7 _ 38 5 34 7) 	44003	340817.680	1136.799	4.27E-5	2.064E-7	100	0.00E0	
CH3CHO (17 6 11 8 _ 18 5 13 8) 	44003	340875.511	607.929	3.29E-5	1.395E-5	100	0.00E0	
CH3CHO (28 1 27 0 _ 28 0 28 0) 	44003	340886.249	379.904	5.94E-5	4.011E-4	100	0.00E0	
CH3CHO (26 5 21 2 _ 27 2 25 2) 	44003	340894.077	381.506	1.10E-7	6.772E-7	100	0.00E0	
CH3CHO (34 2 32 2 _ 34 2 33 1) 	44003	340917.317	567.78	9.34E-6	1.167E-5	100	0.00E0	
CH3CHO (26 5 22 0 _ 27 2 25 0) 	44003	340922.220	381.517	6.71E-7	4.146E-6	100	0.00E0	
CH3CHO (10 4 7 1 _ 11 2 9 2) 	44003	340943.966	86.959	3.34E-8	1.558E-6	100	0.00E0	
CH3CHO (34 27 7 2 _ 34 25 10 4) 	44003	340946.590	2169.782	3.53E-6	4.858E-13	100	0.00E0	
CH3CHO (42 2 40 8 _ 41 4 38 7) 	44003	340982.373	1228.234	1.69E-6	3.517E-9	100	0.00E0	
CH3CHO (40 4 37 1 _ 39 5 35 1) 	44003	341042.534	796.231	1.61E-8	2.396E-9	100	0.00E0	
CH3CHO (41 9 32 6 _ 40 13 28 3) 	44003	341058.760	1356.251	9.55E-8	5.397E-11	100	0.00E0	
CH3CHO (30 2 29 7 _ 29 3 27 7) 	44003	341062.581	818.163	4.79E-6	4.324E-7	100	0.00E0	
CH3CHO (35 15 21 4 _ 35 12 24 7) 	44003	341079.679	1288.802	2.42E-6	2.298E-9	100	0.00E0	
CH3CHO (27 2 26 1 _ 27 0 27 2) 	44003	341094.093	355.194	6.49E-6	5.410E-5	100	0.00E0	
CH3CHO (34 2 32 0 _ 34 2 33 0) 	44003	341181.959	567.813	8.80E-6	1.097E-5	100	0.00E0	
CH3CHO (18 0 18 6 _ 17 0 17 6) 	44003	341183.234	524.553	1.31E-3	1.352E-3	100	0.00E0	
CH3CHO (43 22 21 3 _ 43 21 23 6) 	44003	341205.810	2156.312	7.96E-6	1.580E-12	100	0.00E0	
CH3CHO (43 22 22 3 _ 43 21 22 6) 	44003	341205.810	2156.312	7.96E-6	1.580E-12	100	0.00E0	
CH3CHO (20 4 17 7 _ 20 2 19 7) 	44003	341272.550	602.867	6.47E-5	3.377E-5	100	0.00E0	
CH3CHO (15 14 2 4 _ 14 11 4 7) 	44003	341291.884	753.999	5.35E-8	4.654E-9	100	0.00E0	
CH3CHO (45 6 39 6 _ 44 7 38 6) 	44003	341315.905	1415.418	5.07E-5	1.736E-8	100	0.00E0	
CH3CHO (23 5 18 6 _ 23 4 19 6) 	44003	341316.347	700.149	1.08E-4	2.447E-5	100	0.00E0	
CH3CHO (25 4 21 2 _ 25 3 23 1) 	44003	341325.562	337.644	1.17E-8	1.079E-7	100	0.00E0	
CH3CHO (18 10 8 8 _ 17 10 7 8) 	44003	341351.841	772.548	9.89E-4	8.525E-5	100	0.00E0	
CH3CHO (30 14 16 5 _ 29 11 18 8) 	44003	341422.233	1073.103	5.98E-8	4.209E-10	100	0.00E0	
CH3CHO (32 2 30 6 _ 32 1 31 6) 	44003	341428.374	887.223	1.73E-4	8.304E-6	100	0.00E0	
CH3CHO (25 4 22 7 _ 26 1 26 7) 	44003	341437.249	712.544	1.16E-6	2.505E-7	100	0.00E0	
CH3CHO (39 15 24 3 _ 40 12 28 6) 	44003	341463.953	1428.822	1.33E-5	3.462E-9	100	0.00E0	
CH3CHO (10 3 7 8 _ 10 2 9 7) 	44003	341464.097	456.528	6.10E-5	7.038E-5	100	0.00E0	
CH3CHO (18 1 18 1 _ 17 0 17 2) 	44003	341465.148	155.221	1.95E-4	8.071E-3	100	0.00E0	
CH3CHO (37 12 26 4 _ 38 11 28 4) 	44003	341527.155	1176.929	2.87E-5	8.782E-8	100	0.00E0	
CH3CHO (16 4 13 4 _ 16 3 14 4) 	44003	341546.924	367.156	1.31E-4	5.809E-4	100	0.00E0	
CH3CHO (5 3 3 7 _ 5 1 4 8) 	44003	341589.905	417.561	8.92E-7	7.955E-7	100	0.00E0	
CH3CHO (7 4 4 7 _ 6 2 4 8) 	44003	341608.859	433.4	1.51E-5	1.561E-5	100	0.00E0	
CH3CHO (18 1 18 0 _ 17 0 17 0) 	44003	341615.412	155.152	1.96E-4	8.118E-3	100	0.00E0	
CH3CHO (42 12 31 4 _ 43 6 37 8) 	44003	341622.314	1361.736	1.23E-7	6.710E-11	100	0.00E0	
CH3CHO (6 3 3 3 _ 6 1 6 3) 	44003	341630.702	243.946	3.87E-7	2.314E-6	100	0.00E0	
CH3CHO (27 2 26 0 _ 27 1 27 0) 	44003	341651.654	355.2	6.13E-5	5.093E-4	100	0.00E0	
CH3CHO (31 3 29 3 _ 31 2 30 3) 	44003	341701.461	683.893	9.31E-5	3.310E-5	100	0.00E0	
CH3CHO (28 4 25 4 _ 28 3 26 4) 	44003	341737.390	618.059	1.39E-4	8.644E-5	100	0.00E0	
CH3CHO (36 5 32 1 _ 36 4 32 2) 	44003	341740.001	673.951	1.43E-7	6.497E-8	100	0.00E0	
CH3CHO (19 7 12 8 _ 20 6 14 8) 	44003	341764.515	677.24	3.00E-5	7.066E-6	100	0.00E0	
CH3CHO (10 4 6 2 _ 11 2 9 2) 	44003	341785.817	86.999	4.44E-8	2.058E-6	100	0.00E0	
CH3CHO (44 4 41 1 _ 43 5 38 2) 	44003	341788.329	953.125	2.50E-5	8.487E-7	100	0.00E0	
CH3CHO (36 3 33 8 _ 37 1 37 7) 	44003	341788.352	1025.565	9.62E-7	1.301E-8	100	0.00E0	
CH3CHO (21 10 12 7 _ 22 9 14 7) 	44003	341799.095	814.543	2.46E-5	1.618E-6	100	0.00E0	
CH3CHO (43 7 37 7 _ 44 5 40 7) 	44003	341915.246	1368.283	7.64E-7	3.993E-10	100	0.00E0	
CH3CHO (34 11 24 3 _ 35 4 32 6) 	44003	341926.152	1025.548	3.33E-8	4.247E-10	100	0.00E0	
CH3CHO (35 5 31 4 _ 35 4 31 5) 	44003	341975.643	845.436	3.42E-5	2.721E-6	100	0.00E0	
CH3CHO (12 3 9 2 _ 12 1 11 2) 	44003	342001.438	92.611	3.04E-7	1.584E-5	100	0.00E0	
CH3CHO (44 5 40 3 _ 43 6 37 3) 	44003	342051.139	1180.513	3.71E-5	1.296E-7	100	0.00E0	
CH3CHO (9 2 7 3 _ 8 0 8 3) 	44003	342065.494	256.265	2.56E-6	1.974E-5	100	0.00E0	
CH3CHO (38 3 35 8 _ 38 2 36 8) 	44003	342126.075	1095.864	1.26E-4	8.865E-7	100	0.00E0	
CH3CHO (41 10 32 4 _ 41 3 38 8) 	44003	342136.044	1224.651	2.40E-7	5.028E-10	100	0.00E0	
CH3CHO (23 5 19 6 _ 23 4 20 6) 	44003	342180.214	700.147	1.09E-4	2.449E-5	100	0.00E0	
CH3CHO (30 3 28 1 _ 30 2 29 1) 	44003	342243.831	450.458	1.07E-4	3.783E-4	100	0.00E0	
CH3CHO (16 2 15 7 _ 16 0 16 8) 	44003	342254.623	517.513	8.77E-6	8.597E-6	100	0.00E0	
CH3CHO (45 2 43 6 _ 45 9 37 3) 	44003	342259.081	1360.509	1.32E-7	7.811E-11	100	0.00E0	
CH3CHO (8 6 3 0 _ 9 5 4 0) 	44003	342265.264	114.511	1.02E-5	2.888E-4	100	0.00E0	
CH3CHO (8 6 2 0 _ 9 5 5 0) 	44003	342265.278	114.511	1.02E-5	2.888E-4	100	0.00E0	
CH3CHO (15 4 12 1 _ 16 1 15 2) 	44003	342273.371	147.157	1.72E-7	6.421E-6	100	0.00E0	
CH3CHO (44 4 41 0 _ 43 5 38 0) 	44003	342275.153	953.138	2.51E-5	8.504E-7	100	0.00E0	
CH3CHO (37 12 25 2 _ 38 11 27 2) 	44003	342275.585	973.726	3.24E-5	7.531E-7	100	0.00E0	
CH3CHO (24 18 6 6 _ 23 20 4 3) 	44003	342293.171	1367.166	1.72E-7	5.118E-11	100	0.00E0	
CH3CHO (24 18 7 6 _ 23 20 3 3) 	44003	342293.171	1367.166	1.72E-7	5.118E-11	100	0.00E0	
CH3CHO (30 19 11 5 _ 29 18 12 7) 	44003	342335.372	1438.567	1.04E-6	1.885E-10	100	0.00E0	
CH3CHO (8 6 3 1 _ 9 5 5 1) 	44003	342392.627	114.411	1.02E-5	2.890E-4	100	0.00E0	
CH3CHO (23 5 18 8 _ 24 2 22 8) 	44003	342451.015	689.924	1.11E-6	2.770E-7	100	0.00E0	
CH3CHO (27 2 26 0 _ 27 0 27 0) 	44003	342474.164	355.2	6.13E-6	5.074E-5	100	0.00E0	
CH3CHO (33 1 32 8 _ 32 3 30 7) 	44003	342485.164	903.252	3.19E-7	1.338E-8	100	0.00E0	
CH3CHO (40 12 28 6 _ 41 10 31 6) 	44003	342496.404	1412.434	7.38E-6	2.304E-9	100	0.00E0	
CH3CHO (18 7 11 8 _ 17 7 10 8) 	44003	342499.105	659.885	1.21E-3	3.210E-4	100	0.00E0	
CH3CHO (36 4 32 5 _ 35 5 30 5) 	44003	342569.604	862.978	1.61E-5	1.103E-6	100	0.00E0	
CH3CHO (8 3 6 4 _ 8 1 7 5) 	44003	342592.715	257.763	3.07E-7	2.081E-6	100	0.00E0	
CH3CHO (12 3 10 0 _ 12 1 11 0) 	44003	342649.990	92.58	1.19E-6	6.191E-5	100	0.00E0	
CH3CHO (37 12 26 1 _ 38 11 28 1) 	44003	342659.880	973.713	3.25E-5	7.539E-7	100	0.00E0	
CH3CHO (43 5 39 4 _ 42 6 37 4) 	44003	342689.346	1139.137	2.24E-5	1.151E-7	100	0.00E0	
CH3CHO (30 3 28 0 _ 30 2 29 0) 	44003	342705.808	450.492	1.08E-4	3.811E-4	100	0.00E0	
CH3CHO (37 12 26 0 _ 38 11 27 0) 	44003	342722.863	973.753	3.25E-5	7.529E-7	100	0.00E0	
CH3CHO (37 12 25 0 _ 38 11 28 0) 	44003	342722.864	973.753	3.25E-5	7.529E-7	100	0.00E0	
CH3CHO (20 5 16 1 _ 21 3 19 1) 	44003	342729.892	250.739	9.92E-8	1.737E-6	100	0.00E0	
CH3CHO (15 4 12 4 _ 15 3 13 4) 	44003	342739.602	352.31	1.31E-4	6.284E-4	100	0.00E0	
CH3CHO (29 4 25 8 _ 29 3 27 7) 	44003	342745.877	818.243	1.79E-6	1.545E-7	100	0.00E0	
CH3CHO (44 4 41 3 _ 43 5 38 3) 	44003	342811.843	1158.543	2.45E-5	1.060E-7	100	0.00E0	
CH3CHO (38 11 27 3 _ 38 6 33 6) 	44003	342837.249	1160.34	8.40E-8	3.093E-10	100	0.00E0	
CH3CHO (16 15 1 3 _ 15 12 3 6) 	44003	342855.012	831.631	1.16E-7	4.915E-9	100	0.00E0	
CH3CHO (16 15 2 3 _ 15 12 4 6) 	44003	342855.012	831.631	1.16E-7	4.915E-9	100	0.00E0	
CH3CHO (8 2 7 1 _ 7 0 7 2) 	44003	342908.796	42.33	1.34E-7	7.828E-6	100	0.00E0	
CH3CHO (41 3 38 5 _ 41 2 39 5) 	44003	342943.904	1035.235	1.39E-4	1.925E-6	100	0.00E0	
CH3CHO (28 4 25 1 _ 28 3 26 1) 	44003	342974.513	412.527	1.39E-4	6.712E-4	100	0.00E0	
CH3CHO (15 4 11 2 _ 16 1 15 2) 	44003	343001.638	147.192	1.21E-7	4.520E-6	100	0.00E0	
CH3CHO (24 3 21 6 _ 24 2 22 6) 	44003	343041.647	686.383	1.84E-4	4.914E-5	100	0.00E0	
CH3CHO (18 2 16 8 _ 17 2 15 8) 	44003	343079.641	555.697	1.27E-3	9.458E-4	100	0.00E0	
CH3CHO (24 4 20 5 _ 24 3 22 4) 	44003	343124.453	519.962	7.45E-6	1.053E-5	100	0.00E0	
CH3CHO (32 19 14 4 _ 31 17 15 7) 	44003	343185.933	1494.859	5.85E-7	6.402E-11	100	0.00E0	
CH3CHO (3 2 2 6 _ 2 1 1 6) 	44003	343186.022	391.336	1.41E-4	1.033E-4	100	0.00E0	
CH3CHO (28 4 25 0 _ 28 3 26 0) 	44003	343186.056	412.571	1.40E-4	6.731E-4	100	0.00E0	
CH3CHO (28 3 25 8 _ 27 4 23 8) 	44003	343187.330	781.502	1.43E-5	1.719E-6	100	0.00E0	
CH3CHO (40 7 34 7 _ 40 11 30 4) 	44003	343214.263	1250.15	2.08E-7	3.279E-10	100	0.00E0	
CH3CHO (46 4 43 1 _ 45 5 40 2) 	44003	343226.196	1036.907	2.13E-5	3.246E-7	100	0.00E0	
CH3CHO (41 2 39 8 _ 41 1 40 8) 	44003	343233.603	1189.724	4.18E-5	1.234E-7	100	0.00E0	
CH3CHO (44 5 40 1 _ 43 6 37 2) 	44003	343257.378	974.881	4.02E-5	1.090E-6	100	0.00E0	
CH3CHO (5 3 3 4 _ 4 2 3 4) 	44003	343259.736	238.278	1.30E-4	6.909E-4	100	0.00E0	
CH3CHO (18 13 5 8 _ 17 13 4 8) 	44003	343278.921	910.704	7.24E-4	1.551E-5	100	0.00E0	
CH3CHO (20 5 15 2 _ 21 3 19 1) 	44003	343337.779	250.768	9.91E-8	1.729E-6	100	0.00E0	
CH3CHO (15 3 13 7 _ 14 2 12 8) 	44003	343368.965	511.446	1.16E-4	1.130E-4	100	0.00E0	
CH3CHO (18 1 18 4 _ 17 0 17 5) 	44003	343408.556	359.892	1.99E-4	1.051E-3	100	0.00E0	
CH3CHO (6 4 2 8 _ 6 2 4 8) 	44003	343408.858	433.486	6.53E-7	5.804E-7	100	0.00E0	
CH3CHO (23 4 19 5 _ 23 3 21 4) 	44003	343409.982	497.682	9.20E-6	1.556E-5	100	0.00E0	
CH3CHO (10 2 8 5 _ 9 1 8 5) 	44003	343417.615	266.288	6.12E-5	4.675E-4	100	0.00E0	
CH3CHO (32 18 14 3 _ 33 15 18 6) 	44003	343438.887	1415.201	3.23E-7	7.826E-11	100	0.00E0	
CH3CHO (32 18 15 3 _ 33 15 19 6) 	44003	343440.113	1415.201	3.22E-7	7.801E-11	100	0.00E0	
CH3CHO (39 15 25 3 _ 40 11 29 6) 	44003	343493.884	1428.822	1.38E-5	3.536E-9	100	0.00E0	
CH3CHO (23 12 11 8 _ 22 15 7 5) 	44003	343514.915	958.63	1.83E-7	3.074E-9	100	0.00E0	
CH3CHO (45 4 42 1 _ 44 5 39 2) 	44003	343516.503	994.573	2.33E-5	5.306E-7	100	0.00E0	
CH3CHO (38 7 32 0 _ 39 5 35 0) 	44003	343588.400	796.351	3.13E-7	4.366E-8	100	0.00E0	
CH3CHO (38 5 33 3 _ 38 4 34 3) 	44003	343601.982	949.734	1.63E-4	4.925E-6	100	0.00E0	
CH3CHO (44 11 34 3 _ 44 6 38 6) 	44003	343616.854	1390.18	4.32E-7	1.840E-10	100	0.00E0	
CH3CHO (10 4 6 0 _ 11 2 9 0) 	44003	343623.320	87.065	7.50E-8	3.440E-6	100	0.00E0	
CH3CHO (20 5 16 0 _ 21 3 19 0) 	44003	343630.878	250.818	1.86E-7	3.245E-6	100	0.00E0	
CH3CHO (37 4 33 8 _ 36 5 31 8) 	44003	343638.025	1073.563	2.10E-5	1.787E-7	100	0.00E0	
CH3CHO (44 5 40 0 _ 43 6 37 0) 	44003	343654.630	974.864	4.04E-5	1.095E-6	100	0.00E0	
CH3CHO (8 6 2 2 _ 9 5 4 2) 	44003	343662.335	114.503	1.03E-5	2.903E-4	100	0.00E0	
CH3CHO (46 4 43 0 _ 45 5 40 0) 	44003	343678.210	1036.917	2.14E-5	3.249E-7	100	0.00E0	
CH3CHO (19 5 15 3 _ 20 3 18 3) 	44003	343688.482	435.901	4.54E-7	1.180E-6	100	0.00E0	
CH3CHO (18 2 17 1 _ 17 2 16 1) 	44003	343779.382	166.471	1.38E-3	5.041E-2	100	0.00E0	
CH3CHO (14 4 11 4 _ 14 3 12 4) 	44003	343789.716	338.396	1.31E-4	6.691E-4	100	0.00E0	
CH3CHO (18 2 17 0 _ 17 2 16 0) 	44003	343802.725	166.461	1.38E-3	5.039E-2	100	0.00E0	
CH3CHO (39 11 29 3 _ 39 6 33 6) 	44003	343803.816	1196.342	1.15E-7	3.014E-10	100	0.00E0	
CH3CHO (30 2 28 6 _ 29 3 27 6) 	44003	343830.738	827.321	8.31E-5	6.735E-6	100	0.00E0	
CH3CHO (18 2 17 3 _ 17 2 16 3) 	44003	343833.082	371.843	1.39E-3	6.501E-3	100	0.00E0	
CH3CHO (41 26 15 8 _ 41 26 16 7) 	44003	343956.780	2782.464	4.85E-5	1.725E-14	100	0.00E0	
CH3CHO (45 4 42 0 _ 44 5 39 0) 	44003	343990.247	994.585	2.34E-5	5.315E-7	100	0.00E0	
CH3CHO (25 4 21 5 _ 25 3 23 4) 	44003	344015.669	543.197	3.53E-6	4.098E-6	100	0.00E0	
CH3CHO (18 4 15 6 _ 17 4 14 6) 	44003	344021.231	587.323	1.36E-3	7.371E-4	100	0.00E0	
CH3CHO (32 11 21 5 _ 33 10 23 5) 	44003	344030.520	964.51	2.97E-5	6.493E-7	100	0.00E0	
CH3CHO (16 4 12 5 _ 17 1 16 5) 	44003	344035.084	367.981	1.66E-7	7.189E-7	100	0.00E0	
CH3CHO (29 3 27 1 _ 29 1 28 2) 	44003	344049.479	422.812	8.74E-6	3.912E-5	100	0.00E0	
CH3CHO (45 14 31 5 _ 46 13 34 4) 	44003	344063.712	1597.197	2.60E-5	1.423E-9	100	0.00E0	
CH3CHO (18 4 14 6 _ 17 4 13 6) 	44003	344066.769	587.329	1.36E-3	7.371E-4	100	0.00E0	
CH3CHO (38 7 32 1 _ 39 5 35 1) 	44003	344116.763	796.378	2.23E-7	3.102E-8	100	0.00E0	
CH3CHO (18 9 9 6 _ 19 8 12 6) 	44003	344119.707	707.972	1.60E-5	2.589E-6	100	0.00E0	
CH3CHO (44 10 34 5 _ 44 3 41 8) 	44003	344164.899	1345.294	3.50E-5	2.325E-8	100	0.00E0	
CH3CHO (11 3 9 1 _ 11 1 10 2) 	44003	344170.062	81.389	6.75E-7	3.578E-5	100	0.00E0	
CH3CHO (36 16 20 8 _ 36 19 18 4) 	44003	344186.966	1638.551	1.31E-6	3.800E-11	100	0.00E0	
CH3CHO (8 3 6 4 _ 7 2 5 5) 	44003	344233.685	257.763	4.43E-8	2.974E-7	100	0.00E0	
CH3CHO (23 2 22 7 _ 22 2 20 8) 	44003	344305.642	647.038	8.71E-5	3.291E-5	100	0.00E0	
CH3CHO (10 2 8 3 _ 9 1 9 3) 	44003	344348.244	265.627	4.28E-5	3.279E-4	100	0.00E0	
CH3CHO (44 5 40 4 _ 43 6 37 5) 	44003	344393.268	1180.003	2.03E-5	7.027E-8	100	0.00E0	
CH3CHO (43 16 28 6 _ 44 16 29 6) 	44003	344401.668	1812.365	7.86E-7	4.780E-12	100	0.00E0	
CH3CHO (38 7 31 2 _ 39 5 35 1) 	44003	344457.249	796.395	1.02E-7	1.420E-8	100	0.00E0	
CH3CHO (43 16 27 6 _ 44 17 28 6) 	44003	344467.274	1812.369	8.63E-7	5.244E-12	100	0.00E0	
CH3CHO (28 1 27 5 _ 28 1 28 4) 	44003	344468.237	585.424	6.47E-6	5.490E-6	100	0.00E0	
CH3CHO (8 4 4 3 _ 9 2 7 3) 	44003	344471.086	272.797	1.10E-7	6.349E-7	100	0.00E0	
CH3CHO (36 7 30 4 _ 37 5 32 5) 	44003	344476.469	931.11	3.12E-8	1.067E-9	100	0.00E0	
CH3CHO (29 4 26 4 _ 29 3 27 4) 	44003	344496.080	644.98	1.42E-4	6.850E-5	100	0.00E0	
CH3CHO (34 3 31 6 _ 33 10 23 3) 	44003	344531.240	964.424	7.51E-8	1.741E-9	100	0.00E0	
CH3CHO (32 6 27 6 _ 33 3 30 6) 	44003	344549.120	948.834	1.06E-7	2.709E-9	100	0.00E0	
CH3CHO (41 13 28 3 _ 42 12 31 3) 	44003	344589.447	1377.615	2.35E-5	1.050E-8	100	0.00E0	
CH3CHO (22 4 18 5 _ 22 3 20 4) 	44003	344624.692	476.348	8.34E-6	1.661E-5	100	0.00E0	
CH3CHO (19 17 2 8 _ 18 17 1 8) 	44003	344637.651	1208.591	3.24E-4	3.691E-7	100	0.00E0	
CH3CHO (29 3 27 0 _ 29 1 28 0) 	44003	344648.517	422.846	8.32E-6	3.711E-5	100	0.00E0	
CH3CHO (13 4 10 4 _ 13 3 11 4) 	44003	344699.450	325.413	1.30E-4	7.008E-4	100	0.00E0	
CH3CHO (29 3 27 4 _ 29 1 28 5) 	44003	344719.900	628.447	7.31E-6	4.171E-6	100	0.00E0	
CH3CHO (19 5 15 1 _ 20 3 17 2) 	44003	344730.222	232.209	9.31E-8	1.845E-6	100	0.00E0	
CH3CHO (44 22 23 6 _ 43 23 21 3) 	44003	344761.701	2273.958	6.59E-6	4.045E-13	100	0.00E0	
CH3CHO (44 23 22 6 _ 43 23 20 3) 	44003	344761.701	2273.958	6.59E-6	4.045E-13	100	0.00E0	
CH3CHO (29 6 24 0 _ 30 4 27 0) 	44003	344781.983	483.883	2.62E-7	6.327E-7	100	0.00E0	
CH3CHO (7 3 5 4 _ 7 1 6 5) 	44003	344838.734	250.338	1.63E-7	1.039E-6	100	0.00E0	
CH3CHO (29 6 24 1 _ 30 4 27 1) 	44003	344864.971	483.848	1.49E-7	3.613E-7	100	0.00E0	
CH3CHO (37 7 30 0 _ 38 5 33 0) 	44003	344968.060	761.144	3.02E-7	5.806E-8	100	0.00E0	
CH3CHO (13 1 12 5 _ 12 1 12 4) 	44003	344968.974	293.199	5.82E-6	4.332E-5	100	0.00E0	
CH3CHO (18 9 10 6 _ 19 8 11 6) 	44003	344981.915	708.014	1.44E-5	2.315E-6	100	0.00E0	
CH3CHO (17 4 13 5 _ 16 4 13 4) 	44003	344995.898	383.713	1.84E-8	7.187E-8	100	0.00E0	
CH3CHO (28 3 25 8 _ 28 2 27 7) 	44003	345002.465	781.502	7.63E-7	9.081E-8	100	0.00E0	
CH3CHO (10 4 6 5 _ 11 2 9 5) 	44003	345090.315	293.075	1.20E-8	6.969E-8	100	0.00E0	
CH3CHO (7 3 5 3 _ 6 2 4 3) 	44003	345111.938	250.439	1.03E-4	6.506E-4	100	0.00E0	
CH3CHO (45 6 39 6 _ 45 5 40 6) 	44003	345179.779	1415.418	1.64E-4	5.482E-8	100	0.00E0	
CH3CHO (15 4 12 0 _ 16 1 15 0) 	44003	345199.540	147.249	2.99E-7	1.099E-5	100	0.00E0	
CH3CHO (30 4 27 3 _ 30 3 28 3) 	44003	345260.807	671.89	1.34E-4	5.101E-5	100	0.00E0	
CH3CHO (4 3 2 7 _ 4 2 3 7) 	44003	345280.014	413.247	6.78E-7	5.055E-7	100	0.00E0	
CH3CHO (23 14 10 3 _ 22 11 12 6) 	44003	345296.343	896.53	1.68E-7	5.220E-9	100	0.00E0	
CH3CHO (23 14 9 3 _ 22 11 11 6) 	44003	345296.347	896.53	1.68E-7	5.220E-9	100	0.00E0	
CH3CHO (28 1 27 5 _ 28 0 28 5) 	44003	345299.189	585.424	6.59E-5	5.560E-5	100	0.00E0	
CH3CHO (32 4 29 7 _ 32 3 30 7) 	44003	345305.012	903.387	9.42E-5	3.775E-6	100	0.00E0	
CH3CHO (34 2 32 2 _ 34 1 33 2) 	44003	345309.271	567.78	1.03E-4	1.254E-4	100	0.00E0	
CH3CHO (32 10 23 7 _ 32 13 20 4) 	44003	345337.512	1087.473	5.49E-8	3.486E-10	100	0.00E0	
CH3CHO (45 4 42 3 _ 44 5 39 3) 	44003	345338.149	1200.052	2.32E-5	6.708E-8	100	0.00E0	
CH3CHO (19 5 14 2 _ 20 3 17 2) 	44003	345338.584	232.239	9.06E-8	1.789E-6	100	0.00E0	
CH3CHO (27 6 22 4 _ 28 4 24 5) 	44003	345345.987	635.291	9.82E-8	4.857E-8	100	0.00E0	
CH3CHO (37 7 31 1 _ 38 5 33 2) 	44003	345377.684	761.163	1.21E-7	2.319E-8	100	0.00E0	
CH3CHO (18 16 2 5 _ 17 16 1 5) 	44003	345413.736	935.317	2.95E-4	4.887E-6	100	0.00E0	
CH3CHO (35 6 30 6 _ 34 11 24 3) 	44003	345430.362	1042.126	4.09E-8	4.462E-10	100	0.00E0	
CH3CHO (12 4 9 4 _ 12 3 10 4) 	44003	345478.138	313.361	1.28E-4	7.212E-4	100	0.00E0	
CH3CHO (43 25 18 5 _ 42 27 16 1) 	44003	345492.063	2497.28	3.21E-5	2.057E-13	100	0.00E0	
CH3CHO (26 10 17 6 _ 27 9 18 6) 	44003	345523.138	920.677	1.73E-5	4.742E-7	100	0.00E0	
CH3CHO (41 3 39 6 _ 40 10 31 3) 	44003	345546.438	1203.443	9.35E-6	2.377E-8	100	0.00E0	
CH3CHO (18 15 3 5 _ 17 15 2 5) 	44003	345564.633	866.543	3.78E-4	1.244E-5	100	0.00E0	
CH3CHO (36 4 32 2 _ 35 5 30 2) 	44003	345575.741	657.55	9.15E-8	4.802E-8	100	0.00E0	
CH3CHO (34 2 32 0 _ 34 1 33 0) 	44003	345582.413	567.813	1.04E-4	1.265E-4	100	0.00E0	
CH3CHO (37 5 32 0 _ 37 4 33 0) 	44003	345621.322	709.085	1.67E-4	5.371E-5	100	0.00E0	
CH3CHO (18 10 9 7 _ 17 10 8 7) 	44003	345634.878	759.337	9.93E-4	9.542E-5	100	0.00E0	
CH3CHO (28 6 23 1 _ 29 4 25 2) 	44003	345672.431	456.97	1.24E-7	3.785E-7	100	0.00E0	
CH3CHO (18 17 1 5 _ 17 17 0 5) 	44003	345691.016	1007.858	1.52E-4	1.214E-6	100	0.00E0	
CH3CHO (45 4 41 8 _ 45 3 42 8) 	44003	345770.411	1387.339	9.57E-5	4.235E-8	100	0.00E0	
CH3CHO (28 6 22 0 _ 29 4 25 0) 	44003	345773.281	457.012	2.49E-7	7.567E-7	100	0.00E0	
CH3CHO (18 14 5 6 _ 17 14 4 6) 	44003	345780.009	986.073	6.66E-4	6.628E-6	100	0.00E0	
CH3CHO (18 14 4 6 _ 17 14 3 6) 	44003	345780.009	986.073	6.66E-4	6.628E-6	100	0.00E0	
CH3CHO (37 7 30 2 _ 38 5 33 2) 	44003	345784.087	761.183	1.93E-7	3.686E-8	100	0.00E0	
CH3CHO (29 6 24 3 _ 30 4 27 3) 	44003	345789.861	688.485	6.37E-7	1.981E-7	100	0.00E0	
CH3CHO (18 13 5 5 _ 17 13 4 5) 	44003	345849.832	741.723	6.79E-4	7.771E-5	100	0.00E0	
CH3CHO (19 5 14 0 _ 20 3 17 0) 	44003	345852.830	232.294	1.74E-7	3.422E-6	100	0.00E0	
CH3CHO (32 11 22 1 _ 33 10 24 1) 	44003	345911.478	760.441	3.18E-5	5.308E-6	100	0.00E0	
CH3CHO (7 3 4 3 _ 7 1 7 3) 	44003	345921.764	250.442	5.50E-7	3.471E-6	100	0.00E0	
CH3CHO (29 6 23 2 _ 30 4 27 1) 	44003	345950.893	483.9	1.28E-7	3.079E-7	100	0.00E0	
CH3CHO (18 1 17 8 _ 17 1 16 8) 	44003	345992.130	545.088	1.38E-3	1.128E-3	100	0.00E0	
CH3CHO (37 5 32 2 _ 37 4 33 2) 	44003	346004.525	709.083	1.67E-4	5.371E-5	100	0.00E0	
CH3CHO (46 4 43 3 _ 45 5 40 3) 	44003	346026.977	1242.446	2.16E-5	4.160E-8	100	0.00E0	
CH3CHO (40 6 34 6 _ 41 2 39 6) 	44003	346029.241	1216.66	6.17E-7	1.336E-9	100	0.00E0	
CH3CHO (18 12 6 5 _ 17 12 5 5) 	44003	346029.882	686.24	7.90E-4	1.574E-4	100	0.00E0	
CH3CHO (40 11 30 3 _ 40 6 34 6) 	44003	346034.925	1233.267	1.57E-7	2.881E-10	100	0.00E0	
CH3CHO (16 1 16 6 _ 15 0 15 6) 	44003	346062.713	494.671	2.06E-4	2.485E-4	100	0.00E0	
CH3CHO (18 2 17 4 _ 17 2 16 4) 	44003	346065.350	371.348	1.40E-3	6.480E-3	100	0.00E0	
CH3CHO (32 11 21 2 _ 33 10 23 2) 	44003	346065.845	760.49	3.19E-5	5.305E-6	100	0.00E0	
CH3CHO (31 2 29 8 _ 30 3 27 8) 	44003	346092.967	853.563	1.12E-5	7.112E-7	100	0.00E0	
CH3CHO (41 3 38 3 _ 41 2 39 3) 	44003	346119.946	1034.299	1.31E-4	1.805E-6	100	0.00E0	
CH3CHO (38 7 32 3 _ 39 5 35 3) 	44003	346131.135	1001.749	6.31E-7	1.114E-8	100	0.00E0	
CH3CHO (39 3 37 7 _ 38 4 35 7) 	44003	346134.697	1117.264	1.11E-5	6.356E-8	100	0.00E0	
CH3CHO (11 4 8 4 _ 11 3 9 4) 	44003	346138.263	302.238	1.26E-4	7.281E-4	100	0.00E0	
CH3CHO (11 3 8 2 _ 11 1 10 2) 	44003	346150.070	81.484	3.36E-7	1.759E-5	100	0.00E0	
CH3CHO (18 10 8 3 _ 17 10 7 3) 	44003	346160.411	587.884	9.87E-4	5.255E-4	100	0.00E0	
CH3CHO (18 10 9 3 _ 17 10 8 3) 	44003	346160.411	587.884	9.87E-4	5.255E-4	100	0.00E0	
CH3CHO (35 6 29 6 _ 34 11 23 3) 	44003	346176.798	1042.162	4.11E-8	4.465E-10	100	0.00E0	
CH3CHO (43 11 33 3 _ 43 6 37 6) 	44003	346191.853	1349.57	3.47E-7	2.139E-10	100	0.00E0	
CH3CHO (43 4 40 4 _ 42 5 37 5) 	44003	346198.761	1118.26	2.48E-5	1.542E-7	100	0.00E0	
CH3CHO (6 2 4 5 _ 5 0 5 5) 	44003	346217.863	234.759	6.96E-8	4.447E-7	100	0.00E0	
CH3CHO (18 9 9 3 _ 17 9 8 3) 	44003	346269.200	545.745	1.07E-3	8.698E-4	100	0.00E0	
CH3CHO (18 9 10 3 _ 17 9 9 3) 	44003	346269.201	545.745	1.07E-3	8.698E-4	100	0.00E0	
CH3CHO (18 17 1 3 _ 17 17 0 3) 	44003	346271.351	1008.103	1.52E-4	1.212E-6	100	0.00E0	
CH3CHO (18 17 2 3 _ 17 17 1 3) 	44003	346271.351	1008.103	1.52E-4	1.212E-6	100	0.00E0	
CH3CHO (28 6 22 3 _ 29 4 25 3) 	44003	346282.389	661.537	5.85E-7	2.294E-7	100	0.00E0	
CH3CHO (40 2 38 6 _ 40 9 32 3) 	44003	346294.018	1161.947	1.16E-7	4.324E-10	100	0.00E0	
CH3CHO (18 14 5 4 _ 17 14 4 4) 	44003	346302.900	801.085	5.61E-4	3.539E-5	100	0.00E0	
CH3CHO (26 4 22 5 _ 26 3 24 4) 	44003	346312.694	567.398	4.94E-7	4.620E-7	100	0.00E0	
CH3CHO (43 27 17 0 _ 43 25 18 6) 	44003	346321.979	2534.75	4.27E-5	1.872E-13	100	0.00E0	
CH3CHO (30 7 23 6 _ 31 5 26 6) 	44003	346332.312	916.911	3.90E-7	1.272E-8	100	0.00E0	
CH3CHO (39 3 37 7 _ 39 1 38 8) 	44003	346386.666	1117.264	1.78E-5	1.013E-7	100	0.00E0	
CH3CHO (18 7 11 5 _ 17 7 10 5) 	44003	346451.075	474.017	1.22E-3	2.021E-3	100	0.00E0	
CH3CHO (7 3 4 3 _ 6 2 5 3) 	44003	346451.885	250.442	1.03E-4	6.504E-4	100	0.00E0	
CH3CHO (18 14 4 5 _ 17 14 3 5) 	44003	346457.334	801.53	5.61E-4	3.521E-5	100	0.00E0	
CH3CHO (30 3 27 5 _ 29 4 26 4) 	44003	346466.740	661.608	4.96E-5	2.079E-5	100	0.00E0	
CH3CHO (32 11 21 0 _ 33 10 24 0) 	44003	346491.052	760.472	3.19E-5	5.307E-6	100	0.00E0	
CH3CHO (32 11 22 0 _ 33 10 23 0) 	44003	346492.041	760.471	3.20E-5	5.310E-6	100	0.00E0	
CH3CHO (18 11 7 3 _ 17 11 6 3) 	44003	346509.232	633.965	8.95E-4	2.997E-4	100	0.00E0	
CH3CHO (18 11 8 3 _ 17 11 7 3) 	44003	346509.232	633.965	8.95E-4	2.997E-4	100	0.00E0	
CH3CHO (21 4 17 5 _ 21 3 19 4) 	44003	346525.038	455.953	6.20E-6	1.430E-5	100	0.00E0	
CH3CHO (18 17 1 2 _ 17 17 0 2) 	44003	346529.399	807.034	1.55E-4	9.217E-6	100	0.00E0	
CH3CHO (6 3 4 4 _ 6 1 5 5) 	44003	346556.112	243.843	7.39E-8	4.302E-7	100	0.00E0	
CH3CHO (41 27 14 0 _ 41 26 15 0) 	44003	346557.350	2432.067	1.87E-6	2.180E-14	100	0.00E0	
CH3CHO (41 27 15 0 _ 41 26 16 0) 	44003	346557.350	2432.067	1.87E-6	2.180E-14	100	0.00E0	
CH3CHO (18 16 2 2 _ 17 16 1 2) 	44003	346576.169	733.216	3.02E-4	3.746E-5	100	0.00E0	
CH3CHO (18 6 12 5 _ 17 6 11 5) 	44003	346591.092	445.287	1.28E-3	2.823E-3	100	0.00E0	
CH3CHO (18 16 2 0 _ 17 16 1 0) 	44003	346593.312	733.167	3.02E-4	3.748E-5	100	0.00E0	
CH3CHO (18 16 3 0 _ 17 16 2 0) 	44003	346593.312	733.167	3.02E-4	3.748E-5	100	0.00E0	
CH3CHO (18 15 3 0 _ 17 15 2 0) 	44003	346595.723	663.805	4.39E-4	1.092E-4	100	0.00E0	
CH3CHO (18 15 4 0 _ 17 15 3 0) 	44003	346595.723	663.805	4.39E-4	1.092E-4	100	0.00E0	
CH3CHO (18 17 1 0 _ 17 17 0 0) 	44003	346598.530	806.934	1.55E-4	9.226E-6	100	0.00E0	
CH3CHO (18 17 2 0 _ 17 17 1 0) 	44003	346598.530	806.934	1.55E-4	9.226E-6	100	0.00E0	
CH3CHO (18 11 7 5 _ 17 11 6 5) 	44003	346604.521	634.553	8.95E-4	2.980E-4	100	0.00E0	
CH3CHO (18 17 2 1 _ 17 17 1 1) 	44003	346613.926	806.944	1.55E-4	9.225E-6	100	0.00E0	
CH3CHO (18 14 4 0 _ 17 14 3 0) 	44003	346614.827	598.844	5.68E-4	2.702E-4	100	0.00E0	
CH3CHO (18 14 5 0 _ 17 14 4 0) 	44003	346614.827	598.844	5.68E-4	2.702E-4	100	0.00E0	
CH3CHO (18 15 3 2 _ 17 15 2 2) 	44003	346631.450	663.784	4.39E-4	1.092E-4	100	0.00E0	
CH3CHO (37 26 11 2 _ 36 25 12 4) 	44003	346641.321	2241.544	1.68E-5	1.187E-12	100	0.00E0	
CH3CHO (18 13 5 0 _ 17 13 4 0) 	44003	346652.207	538.29	6.88E-4	5.994E-4	100	0.00E0	
CH3CHO (18 13 6 0 _ 17 13 5 0) 	44003	346652.207	538.29	6.88E-4	5.994E-4	100	0.00E0	
CH3CHO (18 16 3 1 _ 17 16 2 1) 	44003	346655.998	733.109	3.02E-4	3.749E-5	100	0.00E0	
CH3CHO (29 4 26 1 _ 29 3 27 1) 	44003	346660.746	439.449	1.43E-4	5.353E-4	100	0.00E0	
CH3CHO (18 13 5 2 _ 17 13 4 2) 	44003	346672.353	538.238	6.88E-4	5.996E-4	100	0.00E0	
CH3CHO (18 15 4 1 _ 17 15 3 1) 	44003	346674.893	663.706	4.39E-4	1.092E-4	100	0.00E0	
CH3CHO (18 12 6 2 _ 17 12 5 2) 	44003	346675.925	482.17	7.99E-4	1.220E-3	100	0.00E0	
CH3CHO (18 14 5 1 _ 17 14 4 1) 	44003	346676.476	598.748	5.68E-4	2.704E-4	100	0.00E0	
CH3CHO (18 14 4 2 _ 17 14 3 2) 	44003	346683.129	598.767	5.68E-4	2.703E-4	100	0.00E0	
CH3CHO (10 4 7 4 _ 10 3 8 4) 	44003	346693.154	292.044	1.24E-4	7.190E-4	100	0.00E0	
CH3CHO (18 11 7 2 _ 17 11 6 2) 	44003	346697.597	430.54	9.01E-4	2.305E-3	100	0.00E0	
CH3CHO (18 12 6 0 _ 17 12 5 0) 	44003	346702.273	482.158	7.99E-4	1.220E-3	100	0.00E0	
CH3CHO (18 12 7 0 _ 17 12 6 0) 	44003	346702.273	482.158	7.99E-4	1.220E-3	100	0.00E0	
CH3CHO (25 3 22 8 _ 24 4 21 7) 	44003	346715.017	705.283	6.02E-6	1.362E-6	100	0.00E0	
CH3CHO (18 13 6 1 _ 17 13 5 1) 	44003	346721.775	538.191	6.88E-4	5.999E-4	100	0.00E0	
CH3CHO (18 5 14 1 _ 17 5 12 2) 	44003	346735.054	214.61	4.01E-8	8.896E-7	100	0.00E0	
CH3CHO (18 10 8 2 _ 17 10 7 2) 	44003	346742.009	383.35	9.94E-4	4.078E-3	100	0.00E0	
CH3CHO (18 12 7 1 _ 17 12 6 1) 	44003	346744.127	482.081	7.99E-4	1.221E-3	100	0.00E0	
CH3CHO (18 11 8 1 _ 17 11 7 1) 	44003	346754.520	430.448	9.01E-4	2.308E-3	100	0.00E0	
CH3CHO (18 11 7 0 _ 17 11 6 0) 	44003	346755.929	430.472	9.01E-4	2.307E-3	100	0.00E0	
CH3CHO (18 11 8 0 _ 17 11 7 0) 	44003	346755.929	430.472	9.01E-4	2.307E-3	100	0.00E0	
CH3CHO (18 10 9 1 _ 17 10 8 1) 	44003	346763.920	383.296	9.94E-4	4.080E-3	100	0.00E0	
CH3CHO (18 8 10 5 _ 17 8 9 5) 	44003	346775.496	506.754	1.15E-3	1.374E-3	100	0.00E0	
CH3CHO (18 8 11 3 _ 17 8 10 3) 	44003	346781.072	507.44	1.15E-3	1.365E-3	100	0.00E0	
CH3CHO (18 8 10 3 _ 17 8 9 3) 	44003	346781.072	507.44	1.15E-3	1.365E-3	100	0.00E0	
CH3CHO (18 9 9 2 _ 17 9 8 2) 	44003	346787.038	340.616	1.08E-3	6.783E-3	100	0.00E0	
CH3CHO (39 11 28 3 _ 39 6 34 6) 	44003	346792.178	1196.342	1.18E-7	3.045E-10	100	0.00E0	
CH3CHO (28 6 22 2 _ 29 4 25 2) 	44003	346802.277	457.024	1.39E-7	4.198E-7	100	0.00E0	
CH3CHO (3 2 1 6 _ 2 1 2 6) 	44003	346803.345	391.339	1.43E-4	1.025E-4	100	0.00E0	
CH3CHO (18 10 8 0 _ 17 10 7 0) 	44003	346805.467	383.256	9.95E-4	4.082E-3	100	0.00E0	
CH3CHO (18 10 9 0 _ 17 10 8 0) 	44003	346805.468	383.256	9.95E-4	4.082E-3	100	0.00E0	
CH3CHO (18 9 10 1 _ 17 9 9 1) 	44003	346807.991	340.61	1.08E-3	6.783E-3	100	0.00E0	
CH3CHO (29 4 26 0 _ 29 3 27 0) 	44003	346815.806	439.491	1.44E-4	5.368E-4	100	0.00E0	
CH3CHO (41 5 36 8 _ 41 10 32 4) 	44003	346826.053	1241.296	1.90E-7	3.287E-10	100	0.00E0	
CH3CHO (18 8 10 2 _ 17 8 9 2) 	44003	346839.032	302.404	1.15E-3	1.064E-2	100	0.00E0	
CH3CHO (18 9 9 0 _ 17 9 8 0) 	44003	346849.062	340.533	1.08E-3	6.789E-3	100	0.00E0	
CH3CHO (18 9 10 0 _ 17 9 9 0) 	44003	346849.062	340.533	1.08E-3	6.789E-3	100	0.00E0	
CH3CHO (18 15 4 4 _ 17 15 3 4) 	44003	346867.911	864.598	4.34E-4	1.446E-5	100	0.00E0	
CH3CHO (18 8 11 1 _ 17 8 10 1) 	44003	346892.189	302.342	1.16E-3	1.064E-2	100	0.00E0	
CH3CHO (18 8 10 0 _ 17 8 9 0) 	44003	346893.810	302.315	1.16E-3	1.065E-2	100	0.00E0	
CH3CHO (18 8 11 0 _ 17 8 10 0) 	44003	346893.810	302.315	1.16E-3	1.065E-2	100	0.00E0	
CH3CHO (29 6 23 5 _ 30 4 27 4) 	44003	346907.917	689.475	8.06E-8	2.467E-8	100	0.00E0	
CH3CHO (18 7 11 2 _ 17 7 10 2) 	44003	346934.222	268.66	1.22E-3	1.577E-2	100	0.00E0	
CH3CHO (27 18 9 5 _ 28 15 13 8) 	44003	346947.288	1275.481	2.22E-7	1.803E-10	100	0.00E0	
CH3CHO (29 22 7 2 _ 28 20 9 4) 	44003	346949.894	1485.249	1.99E-7	2.131E-11	100	0.00E0	
CH3CHO (18 7 12 0 _ 17 7 11 0) 	44003	346957.556	268.605	1.22E-3	1.578E-2	100	0.00E0	
CH3CHO (18 7 11 0 _ 17 7 10 0) 	44003	346957.558	268.605	1.22E-3	1.578E-2	100	0.00E0	
CH3CHO (35 2 33 3 _ 35 2 34 3) 	44003	346982.935	805.091	2.09E-5	2.415E-6	100	0.00E0	
CH3CHO (18 7 12 1 _ 17 7 11 1) 	44003	346995.532	268.57	1.22E-3	1.578E-2	100	0.00E0	
CH3CHO (18 7 11 6 _ 17 7 10 6) 	44003	346999.913	646.352	1.22E-3	3.599E-4	100	0.00E0	
CH3CHO (18 7 12 6 _ 17 7 11 6) 	44003	346999.941	646.352	1.22E-3	3.599E-4	100	0.00E0	
CH3CHO (18 4 15 1 _ 17 4 13 2) 	44003	347026.531	194.434	1.88E-5	5.098E-4	100	0.00E0	
CH3CHO (18 6 13 0 _ 17 6 12 0) 	44003	347071.547	239.398	1.28E-3	2.214E-2	100	0.00E0	
CH3CHO (18 6 12 0 _ 17 6 11 0) 	44003	347071.684	239.398	1.28E-3	2.214E-2	100	0.00E0	
CH3CHO (18 6 12 2 _ 17 6 11 2) 	44003	347090.401	239.396	1.28E-3	2.213E-2	100	0.00E0	
CH3CHO (31 10 22 7 _ 31 13 18 5) 	44003	347095.619	1058.057	7.37E-8	6.033E-10	100	0.00E0	
CH3CHO (11 3 9 0 _ 11 1 10 0) 	44003	347103.848	81.465	9.88E-7	5.146E-5	100	0.00E0	
CH3CHO (18 12 6 3 _ 17 12 5 3) 	44003	347117.716	684.303	7.94E-4	1.603E-4	100	0.00E0	
CH3CHO (18 12 7 3 _ 17 12 6 3) 	44003	347117.716	684.303	7.94E-4	1.603E-4	100	0.00E0	
CH3CHO (18 6 13 1 _ 17 6 12 1) 	44003	347132.686	239.32	1.28E-3	2.215E-2	100	0.00E0	
CH3CHO (18 4 14 8 _ 17 4 13 8) 	44003	347155.125	573.926	1.37E-3	8.327E-4	100	0.00E0	
CH3CHO (9 4 6 4 _ 9 3 7 4) 	44003	347155.775	282.779	1.20E-4	6.920E-4	100	0.00E0	
CH3CHO (19 0 19 0 _ 18 1 18 0) 	44003	347169.520	171.814	2.09E-4	7.476E-3	100	0.00E0	
CH3CHO (18 4 14 5 _ 17 4 13 5) 	44003	347182.413	400.376	1.37E-3	4.744E-3	100	0.00E0	
CH3CHO (25 5 21 3 _ 26 2 24 3) 	44003	347195.114	561.465	5.23E-7	4.973E-7	100	0.00E0	
CH3CHO (18 16 2 3 _ 17 16 1 3) 	44003	347199.965	933.85	2.98E-4	4.962E-6	100	0.00E0	
CH3CHO (18 16 3 3 _ 17 16 2 3) 	44003	347199.965	933.85	2.98E-4	4.962E-6	100	0.00E0	
CH3CHO (18 5 13 5 _ 17 5 12 5) 	44003	347216.798	420.438	1.33E-3	3.758E-3	100	0.00E0	
CH3CHO (18 13 6 4 _ 17 13 5 4) 	44003	347224.389	740.535	6.83E-4	7.856E-5	100	0.00E0	
CH3CHO (8 2 6 2 _ 7 0 7 2) 	44003	347237.393	42.538	1.45E-6	8.257E-5	100	0.00E0	
CH3CHO (19 0 19 2 _ 18 1 18 1) 	44003	347240.396	171.886	2.08E-4	7.435E-3	100	0.00E0	
CH3CHO (18 5 14 4 _ 17 5 13 4) 	44003	347251.822	419.67	1.33E-3	3.789E-3	100	0.00E0	
CH3CHO (41 11 31 3 _ 41 6 35 6) 	44003	347264.287	1271.113	2.09E-7	2.678E-10	100	0.00E0	
CH3CHO (18 10 8 5 _ 17 10 7 5) 	44003	347284.212	586.881	9.91E-4	5.297E-4	100	0.00E0	
CH3CHO (18 5 14 0 _ 17 5 13 0) 	44003	347288.264	214.696	1.33E-3	2.944E-2	100	0.00E0	
CH3CHO (18 5 13 0 _ 17 5 12 0) 	44003	347294.873	214.697	1.33E-3	2.944E-2	100	0.00E0	
CH3CHO (18 9 9 5 _ 17 9 8 5) 	44003	347322.437	543.814	1.08E-3	8.848E-4	100	0.00E0	
CH3CHO (9 3 6 8 _ 9 2 8 7) 	44003	347326.328	447.139	6.23E-5	6.913E-5	100	0.00E0	
CH3CHO (37 5 32 5 _ 37 4 33 5) 	44003	347335.599	914.577	1.42E-4	5.787E-6	100	0.00E0	
CH3CHO (18 5 13 2 _ 17 5 12 2) 	44003	347345.710	214.639	1.33E-3	2.945E-2	100	0.00E0	
CH3CHO (18 5 14 1 _ 17 5 13 1) 	44003	347349.278	214.61	1.33E-3	2.946E-2	100	0.00E0	
CH3CHO (42 11 32 3 _ 42 6 36 6) 	44003	347361.867	1309.881	2.73E-7	2.425E-10	100	0.00E0	
CH3CHO (18 7 12 3 _ 17 7 11 3) 	44003	347459.353	473.153	1.22E-3	2.034E-3	100	0.00E0	
CH3CHO (18 7 11 3 _ 17 7 10 3) 	44003	347459.355	473.153	1.22E-3	2.034E-3	100	0.00E0	
CH3CHO (34 27 7 3 _ 34 25 9 6) 	44003	347461.972	2365.131	7.33E-6	1.382E-13	100	0.00E0	
CH3CHO (34 27 8 3 _ 34 25 10 6) 	44003	347461.972	2365.131	7.33E-6	1.382E-13	100	0.00E0	
CH3CHO (19 11 9 7 _ 18 14 5 4) 	44003	347479.183	817.761	2.11E-6	1.179E-7	100	0.00E0	
CH3CHO (22 5 17 6 _ 22 4 18 6) 	44003	347509.325	679.305	1.15E-4	2.950E-5	100	0.00E0	
CH3CHO (18 3 16 0 _ 17 3 15 0) 	44003	347519.185	178.75	1.41E-3	4.444E-2	100	0.00E0	
CH3CHO (14 2 13 6 _ 14 1 14 6) 	44003	347527.502	483.446	1.31E-4	1.536E-4	100	0.00E0	
CH3CHO (19 0 19 5 _ 18 1 18 4) 	44003	347532.483	376.571	2.10E-4	9.657E-4	100	0.00E0	
CH3CHO (8 4 5 4 _ 8 3 6 4) 	44003	347538.141	274.442	1.16E-4	6.452E-4	100	0.00E0	
CH3CHO (18 16 2 6 _ 17 16 1 6) 	44003	347547.172	1105.987	3.14E-4	9.323E-7	100	0.00E0	
CH3CHO (18 16 3 6 _ 17 16 2 6) 	44003	347547.172	1105.987	3.14E-4	9.323E-7	100	0.00E0	
CH3CHO (18 16 3 4 _ 17 16 2 4) 	44003	347551.617	932.683	2.99E-4	5.017E-6	100	0.00E0	
CH3CHO (18 3 16 1 _ 17 3 15 1) 	44003	347563.334	178.709	1.41E-3	4.442E-2	100	0.00E0	
CH3CHO (27 2 25 5 _ 26 3 23 5) 	44003	347580.666	570.5	3.17E-6	2.963E-6	100	0.00E0	
CH3CHO (25 22 3 0 _ 24 18 6 6) 	44003	347629.742	1383.849	3.08E-7	7.833E-11	100	0.00E0	
CH3CHO (25 22 4 0 _ 24 18 7 6) 	44003	347629.742	1383.849	3.08E-7	7.833E-11	100	0.00E0	
CH3CHO (18 8 11 3 _ 19 7 12 3) 	44003	347645.052	507.44	2.50E-5	2.948E-5	100	0.00E0	
CH3CHO (18 8 10 3 _ 19 7 13 3) 	44003	347645.058	507.44	2.50E-5	2.948E-5	100	0.00E0	
CH3CHO (18 4 15 0 _ 17 4 14 0) 	44003	347650.373	194.511	1.38E-3	3.715E-2	100	0.00E0	
CH3CHO (18 2 17 6 _ 17 2 16 6) 	44003	347657.360	544.675	1.38E-3	1.123E-3	100	0.00E0	
CH3CHO (18 6 13 4 _ 17 6 12 4) 	44003	347666.197	443.365	1.28E-3	2.873E-3	100	0.00E0	
CH3CHO (18 13 6 3 _ 17 13 5 3) 	44003	347666.422	739.276	6.84E-4	7.949E-5	100	0.00E0	
CH3CHO (18 13 5 3 _ 17 13 4 3) 	44003	347666.423	739.276	6.84E-4	7.949E-5	100	0.00E0	
CH3CHO (28 1 27 8 _ 28 1 28 7) 	44003	347677.531	761.863	1.29E-5	1.837E-6	100	0.00E0	
CH3CHO (19 6 14 7 _ 20 4 16 8) 	44003	347686.241	626.653	1.99E-6	7.523E-7	100	0.00E0	
CH3CHO (30 7 24 6 _ 31 5 27 6) 	44003	347698.468	916.912	3.96E-7	1.283E-8	100	0.00E0	
CH3CHO (6 3 4 1 _ 5 2 3 2) 	44003	347701.497	39.713	2.30E-6	1.026E-4	100	0.00E0	
CH3CHO (30 25 5 3 _ 31 26 5 0) 	44003	347719.290	2024.259	5.90E-6	2.965E-12	100	0.00E0	
CH3CHO (30 25 6 3 _ 31 26 6 0) 	44003	347719.290	2024.259	5.90E-6	2.965E-12	100	0.00E0	
CH3CHO (5 3 3 4 _ 5 1 4 5) 	44003	347742.528	238.278	2.68E-8	1.386E-7	100	0.00E0	
CH3CHO (18 4 15 1 _ 17 4 14 1) 	44003	347756.320	194.434	1.36E-3	3.666E-2	100	0.00E0	
CH3CHO (44 11 34 7 _ 45 14 32 4) 	44003	347756.634	1556.366	4.87E-6	3.844E-10	100	0.00E0	
CH3CHO (18 12 7 4 _ 17 12 6 4) 	44003	347763.989	683.985	7.96E-4	1.607E-4	100	0.00E0	
CH3CHO (18 10 9 4 _ 17 10 8 4) 	44003	347784.928	585.561	9.93E-4	5.362E-4	100	0.00E0	
CH3CHO (30 4 27 4 _ 30 3 28 4) 	44003	347785.370	672.826	1.45E-4	5.391E-5	100	0.00E0	
CH3CHO (27 2 26 4 _ 27 1 27 4) 	44003	347800.690	560.746	6.87E-5	7.066E-5	100	0.00E0	
CH3CHO (18 15 3 3 _ 17 15 2 3) 	44003	347818.712	864.089	4.37E-4	1.455E-5	100	0.00E0	
CH3CHO (18 15 4 3 _ 17 15 3 3) 	44003	347818.712	864.089	4.37E-4	1.455E-5	100	0.00E0	
CH3CHO (18 9 10 4 _ 17 9 9 4) 	44003	347819.100	543.63	1.08E-3	8.855E-4	100	0.00E0	
CH3CHO (27 10 17 5 _ 28 1 27 8) 	44003	347824.879	778.556	6.08E-8	7.081E-9	100	0.00E0	
CH3CHO (18 4 14 2 _ 17 4 13 2) 	44003	347830.946	194.473	1.36E-3	3.666E-2	100	0.00E0	
CH3CHO (18 4 14 0 _ 17 4 13 0) 	44003	347838.989	194.536	1.38E-3	3.715E-2	100	0.00E0	
CH3CHO (15 2 13 5 _ 14 2 13 4) 	44003	347851.044	326.958	9.73E-6	5.840E-5	100	0.00E0	
CH3CHO (7 4 4 4 _ 7 3 5 4) 	44003	347851.080	267.032	1.09E-4	5.764E-4	100	0.00E0	
CH3CHO (18 9 10 7 _ 17 9 9 7) 	44003	347897.767	723.739	1.09E-3	1.473E-4	100	0.00E0	
CH3CHO (18 14 4 3 _ 17 14 3 3) 	44003	347908.264	799.172	5.65E-4	3.602E-5	100	0.00E0	
CH3CHO (18 14 5 3 _ 17 14 4 3) 	44003	347908.264	799.172	5.65E-4	3.602E-5	100	0.00E0	
CH3CHO (18 17 2 4 _ 17 17 1 4) 	44003	347937.658	1005.648	1.54E-4	1.243E-6	100	0.00E0	
CH3CHO (44 22 22 3 _ 44 22 22 6) 	44003	347956.256	2197.063	9.95E-6	1.295E-12	100	0.00E0	
CH3CHO (44 22 23 3 _ 44 21 23 6) 	44003	347956.256	2197.063	9.95E-6	1.295E-12	100	0.00E0	
CH3CHO (18 11 8 4 _ 17 11 7 4) 	44003	347956.894	632.264	9.00E-4	3.042E-4	100	0.00E0	
CH3CHO (18 5 13 2 _ 17 5 13 1) 	44003	347959.935	214.639	4.06E-8	8.928E-7	100	0.00E0	
CH3CHO (18 12 6 6 _ 17 12 5 6) 	44003	347979.222	862.499	8.10E-4	2.738E-5	100	0.00E0	
CH3CHO (18 12 7 6 _ 17 12 6 6) 	44003	347979.222	862.499	8.10E-4	2.738E-5	100	0.00E0	
CH3CHO (36 27 9 0 _ 35 24 12 6) 	44003	347981.185	2236.928	2.18E-6	1.559E-13	100	0.00E0	
CH3CHO (36 27 10 0 _ 35 24 11 6) 	44003	347981.185	2236.928	2.18E-6	1.559E-13	100	0.00E0	
CH3CHO (18 7 12 4 _ 17 7 11 4) 	44003	348010.083	471.79	1.22E-3	2.060E-3	100	0.00E0	
CH3CHO (17 8 10 4 _ 18 7 12 4) 	44003	348010.122	488.491	2.30E-5	3.101E-5	100	0.00E0	
CH3CHO (41 13 29 3 _ 42 12 30 3) 	44003	348035.330	1377.778	3.13E-5	1.374E-8	100	0.00E0	
CH3CHO (43 3 40 8 _ 42 5 38 7) 	44003	348046.584	1287.697	2.20E-6	2.484E-9	100	0.00E0	
CH3CHO (36 2 34 6 _ 37 1 37 6) 	44003	348057.158	1017.746	2.81E-6	3.972E-8	100	0.00E0	
CH3CHO (15 1 15 7 _ 14 0 14 8) 	44003	348061.469	489.604	1.57E-4	1.845E-4	100	0.00E0	
CH3CHO (18 8 11 4 _ 17 8 10 4) 	44003	348076.141	505.196	1.16E-3	1.392E-3	100	0.00E0	
CH3CHO (18 6 12 8 _ 17 6 11 8) 	44003	348087.736	624.635	1.28E-3	4.678E-4	100	0.00E0	
CH3CHO (18 6 13 3 _ 17 6 12 3) 	44003	348087.971	443.281	1.28E-3	2.872E-3	100	0.00E0	
CH3CHO (18 6 12 3 _ 17 6 11 3) 	44003	348088.113	443.281	1.28E-3	2.872E-3	100	0.00E0	
CH3CHO (6 4 3 4 _ 6 3 4 4) 	44003	348104.170	260.549	9.90E-5	4.834E-4	100	0.00E0	
CH3CHO (22 5 18 6 _ 22 4 19 6) 	44003	348113.700	679.304	1.15E-4	2.952E-5	100	0.00E0	
CH3CHO (36 6 30 6 _ 37 3 35 6) 	44003	348178.642	1075.153	3.09E-7	2.453E-9	100	0.00E0	
CH3CHO (33 19 15 4 _ 32 17 16 7) 	44003	348192.768	1525.258	5.60E-7	4.530E-11	100	0.00E0	
CH3CHO (18 3 16 3 _ 17 3 15 3) 	44003	348210.823	383.211	1.41E-3	5.762E-3	100	0.00E0	
CH3CHO (7 4 3 8 _ 7 2 5 8) 	44003	348226.146	440.197	1.10E-6	1.027E-6	100	0.00E0	
CH3CHO (31 11 20 3 _ 32 10 23 3) 	44003	348228.533	934.136	3.02E-5	8.488E-7	100	0.00E0	
CH3CHO (18 4 15 4 _ 17 4 14 4) 	44003	348229.512	399.647	1.38E-3	4.765E-3	100	0.00E0	
CH3CHO (31 11 21 3 _ 32 10 22 3) 	44003	348238.055	934.136	3.02E-5	8.493E-7	100	0.00E0	
CH3CHO (30 3 27 0 _ 29 4 26 0) 	44003	348249.993	456.204	5.20E-5	1.684E-4	100	0.00E0	
CH3CHO (39 3 37 4 _ 38 4 35 4) 	44003	348253.380	945.46	2.51E-7	7.879E-9	100	0.00E0	
CH3CHO (41 5 36 5 _ 40 6 35 4) 	44003	348268.698	1062.273	1.31E-5	1.344E-7	100	0.00E0	
CH3CHO (44 2 42 6 _ 44 9 36 3) 	44003	348280.414	1319.194	1.42E-7	1.195E-10	100	0.00E0	
CH3CHO (18 3 15 5 _ 17 3 14 5) 	44003	348288.374	385.272	1.41E-3	5.645E-3	100	0.00E0	
CH3CHO (5 4 2 4 _ 5 3 3 4) 	44003	348305.737	254.994	8.30E-5	3.623E-4	100	0.00E0	
CH3CHO (18 15 3 8 _ 17 15 2 8) 	44003	348346.238	1040.581	4.49E-4	2.555E-6	100	0.00E0	
CH3CHO (10 3 8 1 _ 10 1 9 2) 	44003	348367.257	71.196	4.98E-7	2.606E-5	100	0.00E0	
CH3CHO (20 0 20 6 _ 19 1 19 6) 	44003	348368.291	559.921	2.28E-4	1.758E-4	100	0.00E0	
CH3CHO (24 5 20 7 _ 24 4 20 8) 	44003	348383.357	709.73	9.12E-5	1.878E-5	100	0.00E0	
CH3CHO (44 15 29 6 _ 44 17 27 3) 	44003	348420.110	1780.637	1.41E-6	1.174E-11	100	0.00E0	
CH3CHO (8 6 2 5 _ 9 5 4 5) 	44003	348425.142	320.58	1.07E-5	3.746E-5	100	0.00E0	
CH3CHO (44 16 28 6 _ 44 17 28 3) 	44003	348426.466	1780.637	1.40E-6	1.172E-11	100	0.00E0	
CH3CHO (4 4 1 4 _ 4 3 2 4) 	44003	348462.888	250.364	5.53E-5	2.066E-4	100	0.00E0	
CH3CHO (46 6 41 6 _ 45 7 38 6) 	44003	348505.412	1457.066	5.26E-5	1.167E-8	100	0.00E0	
CH3CHO (8 2 6 0 _ 7 0 7 0) 	44003	348518.758	42.504	1.58E-6	8.886E-5	100	0.00E0	
CH3CHO (18 4 14 2 _ 17 4 14 1) 	44003	348560.735	194.473	1.90E-5	5.114E-4	100	0.00E0	
CH3CHO (18 5 14 3 _ 17 5 13 3) 	44003	348570.582	418.24	1.34E-3	3.833E-3	100	0.00E0	
CH3CHO (4 3 2 7 _ 4 1 3 8) 	44003	348574.821	413.247	5.98E-7	4.381E-7	100	0.00E0	
CH3CHO (18 5 13 3 _ 17 5 12 3) 	44003	348577.760	418.241	1.34E-3	3.833E-3	100	0.00E0	
CH3CHO (30 3 27 2 _ 29 4 26 1) 	44003	348587.491	456.178	5.21E-5	1.683E-4	100	0.00E0	
CH3CHO (19 0 19 3 _ 18 1 18 3) 	44003	348592.608	378.449	1.89E-4	8.491E-4	100	0.00E0	
CH3CHO (18 5 14 4 _ 19 3 16 5) 	44003	348695.401	419.67	6.02E-8	1.699E-7	100	0.00E0	
CH3CHO (18 3 16 6 _ 17 3 15 6) 	44003	348749.275	565.559	1.39E-3	9.133E-4	100	0.00E0	
CH3CHO (27 1 26 8 _ 27 0 27 8) 	44003	348767.119	736.132	7.30E-5	1.293E-5	100	0.00E0	
CH3CHO (18 5 13 3 _ 19 3 16 3) 	44003	348804.640	418.241	4.13E-7	1.182E-6	100	0.00E0	
CH3CHO (27 2 26 4 _ 27 0 27 5) 	44003	348844.004	560.746	6.91E-6	7.069E-6	100	0.00E0	
CH3CHO (18 4 15 3 _ 17 4 14 3) 	44003	348855.571	398.269	1.38E-3	4.836E-3	100	0.00E0	
CH3CHO (20 4 16 5 _ 20 3 18 4) 	44003	348863.122	436.494	4.01E-6	1.058E-5	100	0.00E0	
CH3CHO (30 10 21 7 _ 30 13 17 5) 	44003	348868.349	1029.561	8.24E-8	8.599E-10	100	0.00E0	
CH3CHO (42 6 36 8 _ 41 7 35 7) 	44003	348915.636	1305.363	5.26E-7	4.847E-10	100	0.00E0	
CH3CHO (9 2 8 7 _ 8 1 8 7) 	44003	348934.711	430.47	2.06E-7	2.679E-7	100	0.00E0	
CH3CHO (12 7 5 5 _ 13 6 7 5) 	44003	348945.769	388.12	1.75E-5	4.563E-5	100	0.00E0	
CH3CHO (29 10 19 8 _ 30 9 21 8) 	44003	348949.288	1013.145	2.78E-5	3.307E-7	100	0.00E0	
CH3CHO (40 18 22 5 _ 39 16 23 8) 	44003	348962.439	1683.693	4.68E-7	4.677E-12	100	0.00E0	
CH3CHO (40 19 22 4 _ 39 16 23 8) 	44003	348962.439	1683.693	4.68E-7	4.677E-12	100	0.00E0	
CH3CHO (32 11 21 0 _ 33 3 31 3) 	44003	348979.096	760.472	1.28E-8	2.090E-9	100	0.00E0	
CH3CHO (8 3 5 8 _ 9 1 9 7) 	44003	349003.753	438.695	1.40E-6	1.496E-6	100	0.00E0	
CH3CHO (7 2 5 8 _ 6 1 5 8) 	44003	349041.416	423.485	4.59E-5	5.046E-5	100	0.00E0	
CH3CHO (37 7 30 3 _ 38 5 33 3) 	44003	349050.265	966.486	6.06E-7	1.460E-8	100	0.00E0	
CH3CHO (18 4 14 3 _ 17 4 13 3) 	44003	349062.543	398.297	1.39E-3	4.838E-3	100	0.00E0	
CH3CHO (28 11 18 7 _ 29 10 20 7) 	44003	349068.521	1018.74	1.71E-5	1.855E-7	100	0.00E0	
CH3CHO (26 5 21 5 _ 27 2 25 5) 	44003	349098.774	587.254	3.22E-7	2.428E-7	100	0.00E0	
CH3CHO (43 10 33 5 _ 43 3 40 8) 	44003	349115.415	1304.452	7.82E-6	7.444E-9	100	0.00E0	
CH3CHO (45 8 38 4 _ 46 6 40 5) 	44003	349149.931	1305.893	2.72E-7	2.670E-10	100	0.00E0	
CH3CHO (27 10 18 1 _ 28 9 20 1) 	44003	349168.744	574.669	3.07E-5	2.727E-5	100	0.00E0	
CH3CHO (18 1 17 3 _ 17 1 16 3) 	44003	349320.351	369.254	1.47E-3	6.855E-3	100	0.00E0	
CH3CHO (10 2 9 4 _ 9 1 9 4) 	44003	349377.711	263.694	3.97E-5	3.011E-4	100	0.00E0	
CH3CHO (42 3 39 5 _ 42 3 40 4) 	44003	349503.969	1074.565	7.29E-6	6.738E-8	100	0.00E0	
CH3CHO (42 3 39 3 _ 42 3 40 3) 	44003	349530.081	1073.626	2.10E-5	1.956E-7	100	0.00E0	
CH3CHO (42 14 29 6 _ 43 13 30 6) 	44003	349537.824	1647.401	2.43E-5	7.309E-10	100	0.00E0	
CH3CHO (42 15 28 6 _ 43 13 31 6) 	44003	349543.698	1647.401	2.44E-5	7.322E-10	100	0.00E0	
CH3CHO (18 14 5 7 _ 17 14 4 7) 	44003	349559.346	965.131	5.86E-4	7.040E-6	100	0.00E0	
CH3CHO (30 2 29 3 _ 30 1 30 3) 	44003	349560.604	639.448	4.70E-5	2.416E-5	100	0.00E0	
CH3CHO (34 8 27 7 _ 35 11 25 4) 	44003	349564.085	1074.519	3.23E-7	2.423E-9	100	0.00E0	
CH3CHO (14 2 13 3 _ 13 1 12 3) 	44003	349600.476	311.258	9.25E-5	6.020E-4	100	0.00E0	
CH3CHO (24 4 21 7 _ 25 0 25 8) 	44003	349646.053	688.643	4.74E-7	1.198E-7	100	0.00E0	
CH3CHO (10 4 7 7 _ 11 1 11 7) 	44003	349648.323	457.773	5.18E-8	5.643E-8	100	0.00E0	
CH3CHO (18 3 16 4 _ 17 3 15 4) 	44003	349649.642	383.387	1.42E-3	5.741E-3	100	0.00E0	
CH3CHO (36 12 24 3 _ 37 11 27 3) 	44003	349701.012	1142.042	3.09E-5	1.249E-7	100	0.00E0	
CH3CHO (36 12 25 3 _ 37 11 26 3) 	44003	349705.660	1142.042	3.09E-5	1.249E-7	100	0.00E0	
CH3CHO (15 4 12 4 _ 16 1 15 5) 	44003	349718.457	352.31	1.37E-7	6.320E-7	100	0.00E0	
CH3CHO (18 3 15 6 _ 17 3 14 6) 	44003	349752.406	565.729	1.40E-3	9.147E-4	100	0.00E0	
CH3CHO (6 3 3 2 _ 5 2 3 2) 	44003	349755.702	39.811	1.21E-4	5.313E-3	100	0.00E0	
CH3CHO (36 12 24 5 _ 37 11 26 5) 	44003	349761.938	1143.043	3.15E-5	1.257E-7	100	0.00E0	
CH3CHO (27 10 18 0 _ 28 9 19 0) 	44003	349804.910	574.653	3.09E-5	2.731E-5	100	0.00E0	
CH3CHO (27 10 17 0 _ 28 9 20 0) 	44003	349804.935	574.653	3.09E-5	2.731E-5	100	0.00E0	
CH3CHO (27 10 17 2 _ 28 9 19 2) 	44003	349935.493	574.715	3.09E-5	2.730E-5	100	0.00E0	
CH3CHO (28 6 22 5 _ 29 4 25 5) 	44003	349945.963	662.63	1.01E-7	3.858E-8	100	0.00E0	
CH3CHO (35 16 20 3 _ 35 13 22 6) 	44003	349985.335	1358.44	5.76E-8	2.593E-11	100	0.00E0	
CH3CHO (35 16 19 3 _ 35 13 23 6) 	44003	349985.349	1358.44	5.76E-8	2.593E-11	100	0.00E0	
CH3CHO (30 2 29 3 _ 30 0 30 3) 	44003	350025.848	639.448	1.70E-5	8.724E-6	100	0.00E0	
CH3CHO (20 6 14 6 _ 21 4 17 6) 	44003	350026.805	659.212	1.66E-6	4.700E-7	100	0.00E0	
CH3CHO (14 2 13 7 _ 13 1 12 8) 	44003	350071.226	488.14	4.46E-5	4.937E-5	100	0.00E0	
CH3CHO (21 9 12 5 _ 22 8 14 5) 	44003	350076.344	599.37	2.60E-5	1.403E-5	100	0.00E0	
CH3CHO (6 3 4 1 _ 5 2 4 1) 	44003	350080.806	39.713	1.21E-4	5.322E-3	100	0.00E0	
CH3CHO (27 4 23 5 _ 27 3 25 4) 	44003	350130.445	592.572	1.22E-7	9.007E-8	100	0.00E0	
CH3CHO (18 3 15 0 _ 17 3 14 0) 	44003	350133.430	179.208	1.44E-3	4.461E-2	100	0.00E0	
CH3CHO (18 3 15 2 _ 17 3 14 2) 	44003	350134.382	179.176	1.44E-3	4.458E-2	100	0.00E0	
CH3CHO (31 3 29 3 _ 31 1 30 3) 	44003	350137.069	683.893	2.05E-5	6.971E-6	100	0.00E0	
CH3CHO (40 11 29 3 _ 40 6 35 6) 	44003	350157.110	1233.267	1.63E-7	2.917E-10	100	0.00E0	
CH3CHO (40 5 36 6 _ 39 6 33 6) 	44003	350196.508	1196.649	5.24E-5	1.357E-7	100	0.00E0	
CH3CHO (45 5 41 7 _ 44 6 39 7) 	44003	350217.296	1393.714	5.25E-5	2.126E-8	100	0.00E0	
CH3CHO (41 13 28 5 _ 42 12 30 5) 	44003	350229.900	1378.892	2.71E-5	1.161E-8	100	0.00E0	
CH3CHO (39 6 34 7 _ 39 5 34 8) 	44003	350235.329	1181.58	7.73E-7	2.268E-9	100	0.00E0	
CH3CHO (24 1 23 6 _ 24 0 24 6) 	44003	350315.998	657.909	1.24E-4	4.243E-5	100	0.00E0	
CH3CHO (10 3 7 2 _ 10 1 9 2) 	44003	350331.077	71.29	3.25E-7	1.680E-5	100	0.00E0	
CH3CHO (21 2 20 7 _ 21 1 21 7) 	44003	350359.589	605.832	7.36E-5	3.716E-5	100	0.00E0	
CH3CHO (18 1 17 2 _ 17 1 16 2) 	44003	350362.844	163.46	1.47E-3	5.344E-2	100	0.00E0	
CH3CHO (20 3 18 4 _ 19 3 16 5) 	44003	350383.070	419.751	5.54E-6	1.715E-5	100	0.00E0	
CH3CHO (8 4 5 3 _ 9 2 8 3) 	44003	350385.956	272.797	1.16E-7	6.478E-7	100	0.00E0	
CH3CHO (37 25 12 6 _ 37 27 11 0) 	44003	350392.880	2289.337	3.43E-6	1.474E-13	100	0.00E0	
CH3CHO (37 25 13 6 _ 37 27 10 0) 	44003	350392.880	2289.337	3.43E-6	1.474E-13	100	0.00E0	
CH3CHO (18 1 17 0 _ 17 1 16 0) 	44003	350445.778	163.419	1.47E-3	5.344E-2	100	0.00E0	
CH3CHO (20 6 15 6 _ 21 4 18 6) 	44003	350456.373	659.212	1.67E-6	4.717E-7	100	0.00E0	
CH3CHO (28 10 18 6 _ 29 9 21 6) 	44003	350557.360	972.563	1.84E-5	3.141E-7	100	0.00E0	
CH3CHO (13 2 12 1 _ 12 1 11 2) 	44003	350572.180	93.022	9.70E-5	5.184E-3	100	0.00E0	
CH3CHO (18 2 17 7 _ 17 2 16 7) 	44003	350583.411	550.316	1.36E-3	1.030E-3	100	0.00E0	
CH3CHO (18 3 16 7 _ 17 3 15 7) 	44003	350602.579	558.795	1.40E-3	9.744E-4	100	0.00E0	
CH3CHO (41 2 39 6 _ 41 9 33 3) 	44003	350611.037	1200.053	1.31E-7	3.343E-10	100	0.00E0	
CH3CHO (31 3 29 4 _ 31 2 30 4) 	44003	350631.384	684.72	1.18E-4	3.975E-5	100	0.00E0	
CH3CHO (22 5 17 8 _ 23 2 21 8) 	44003	350670.253	668.362	1.06E-6	2.991E-7	100	0.00E0	
CH3CHO (14 5 10 7 _ 15 2 13 8) 	44003	350671.855	525.689	1.99E-7	1.505E-7	100	0.00E0	
CH3CHO (29 10 20 7 _ 29 13 16 5) 	44003	350673.024	1001.987	8.40E-8	1.106E-9	100	0.00E0	
CH3CHO (43 2 41 8 _ 42 4 39 7) 	44003	350686.897	1267.614	1.61E-6	2.200E-9	100	0.00E0	
CH3CHO (44 5 40 1 _ 43 6 38 1) 	44003	350712.183	974.881	1.03E-7	2.685E-9	100	0.00E0	
CH3CHO (37 5 32 3 _ 37 4 33 3) 	44003	350727.851	914.164	1.70E-4	6.845E-6	100	0.00E0	
CH3CHO (37 7 31 4 _ 38 5 34 4) 	44003	350729.265	965.447	3.68E-7	8.882E-9	100	0.00E0	
CH3CHO (31 4 28 3 _ 31 3 29 3) 	44003	350741.610	700.726	1.40E-4	3.989E-5	100	0.00E0	
CH3CHO (34 6 29 7 _ 35 3 32 8) 	44003	350742.119	1008.64	4.00E-8	5.766E-10	100	0.00E0	
CH3CHO (20 3 17 5 _ 20 1 19 5) 	44003	350796.105	421.555	4.17E-8	1.264E-7	100	0.00E0	
CH3CHO (8 6 3 3 _ 9 5 4 3) 	44003	350808.112	318.035	1.08E-5	3.810E-5	100	0.00E0	
CH3CHO (8 6 2 3 _ 9 5 5 3) 	44003	350808.128	318.035	1.08E-5	3.810E-5	100	0.00E0	
CH3CHO (46 22 24 3 _ 46 21 26 6) 	44003	350845.196	2280.999	1.46E-5	8.450E-13	100	0.00E0	
CH3CHO (46 22 25 3 _ 46 21 25 6) 	44003	350845.196	2280.999	1.46E-5	8.450E-13	100	0.00E0	
CH3CHO (30 4 27 1 _ 30 3 28 1) 	44003	350864.519	467.297	1.48E-4	4.225E-4	100	0.00E0	
CH3CHO (29 4 25 6 _ 29 3 26 6) 	44003	350866.136	830.183	1.51E-4	1.109E-5	100	0.00E0	
CH3CHO (36 6 30 5 _ 37 3 34 5) 	44003	350883.006	903.504	4.98E-7	2.170E-8	100	0.00E0	
CH3CHO (18 8 11 7 _ 17 8 10 7) 	44003	350883.391	677.519	1.17E-3	2.478E-4	100	0.00E0	
CH3CHO (18 5 13 8 _ 17 5 12 8) 	44003	350889.983	591.57	1.34E-3	6.713E-4	100	0.00E0	
CH3CHO (26 8 19 6 _ 27 11 17 3) 	44003	350902.335	842.008	8.42E-8	4.927E-9	100	0.00E0	
CH3CHO (18 3 15 3 _ 17 3 14 3) 	44003	350940.557	383.7	1.45E-3	5.784E-3	100	0.00E0	
CH3CHO (6 3 4 0 _ 5 2 3 0) 	44003	350944.903	39.807	1.25E-4	5.453E-3	100	0.00E0	
CH3CHO (34 19 16 4 _ 33 17 17 7) 	44003	350957.445	1556.483	5.67E-7	3.407E-11	100	0.00E0	
CH3CHO (30 4 27 0 _ 30 3 28 0) 	44003	350962.746	467.336	1.49E-4	4.237E-4	100	0.00E0	
CH3CHO (8 3 5 3 _ 8 1 8 3) 	44003	350965.395	257.868	7.40E-7	4.782E-6	100	0.00E0	
CH3CHO (11 4 7 8 _ 12 1 11 8) 	44003	350970.428	476.204	9.88E-8	9.728E-8	100	0.00E0	
CH3CHO (44 4 41 4 _ 43 5 38 5) 	44003	351041.551	1158.85	2.46E-5	1.015E-7	100	0.00E0	
CH3CHO (40 15 25 5 _ 40 12 28 8) 	44003	351052.552	1465.334	1.94E-6	1.705E-10	100	0.00E0	
CH3CHO (40 16 25 4 _ 40 12 28 8) 	44003	351052.552	1465.334	1.94E-6	1.705E-10	100	0.00E0	
CH3CHO (40 10 31 4 _ 40 3 37 8) 	44003	351070.438	1186.708	1.19E-7	3.385E-10	100	0.00E0	
CH3CHO (25 3 22 5 _ 25 2 24 4) 	44003	351087.583	529.307	1.39E-6	1.786E-6	100	0.00E0	
CH3CHO (23 21 3 4 _ 22 19 3 8) 	44003	351089.572	1439.575	1.55E-6	2.036E-10	100	0.00E0	
CH3CHO (18 1 17 5 _ 17 1 16 5) 	44003	351118.833	368.321	1.48E-3	6.873E-3	100	0.00E0	
CH3CHO (45 22 24 6 _ 44 23 22 3) 	44003	351166.551	2315.594	7.93E-6	3.168E-13	100	0.00E0	
CH3CHO (45 22 23 6 _ 44 23 21 3) 	44003	351166.551	2315.594	7.93E-6	3.168E-13	100	0.00E0	
CH3CHO (45 22 23 3 _ 45 21 25 6) 	44003	351174.170	2238.641	1.22E-5	1.051E-12	100	0.00E0	
CH3CHO (45 22 24 3 _ 45 21 24 6) 	44003	351174.170	2238.641	1.22E-5	1.051E-12	100	0.00E0	
CH3CHO (35 2 33 3 _ 35 1 34 3) 	44003	351179.918	805.091	9.52E-5	1.078E-5	100	0.00E0	
CH3CHO (26 4 23 6 _ 27 2 26 6) 	44003	351244.831	752.654	9.13E-8	1.303E-8	100	0.00E0	
CH3CHO (28 1 27 8 _ 27 2 25 8) 	44003	351293.325	761.863	3.00E-6	4.200E-7	100	0.00E0	
CH3CHO (26 8 18 6 _ 27 11 16 3) 	44003	351308.639	842.028	8.81E-8	5.143E-9	100	0.00E0	
CH3CHO (18 11 7 6 _ 17 11 6 6) 	44003	351313.874	803.128	9.20E-4	5.528E-5	100	0.00E0	
CH3CHO (18 11 8 6 _ 17 11 7 6) 	44003	351313.874	803.128	9.20E-4	5.528E-5	100	0.00E0	
CH3CHO (16 5 11 8 _ 17 3 15 7) 	44003	351346.825	558.831	3.16E-7	1.951E-7	100	0.00E0	
CH3CHO (19 3 16 5 _ 19 1 18 5) 	44003	351351.801	402.935	6.04E-8	2.094E-7	100	0.00E0	
CH3CHO (28 9 19 8 _ 29 8 22 7) 	44003	351364.835	941.576	2.38E-5	5.527E-7	100	0.00E0	
CH3CHO (19 4 15 5 _ 19 3 17 4) 	44003	351408.101	417.969	2.35E-6	6.994E-6	100	0.00E0	
CH3CHO (18 13 6 7 _ 17 13 5 7) 	44003	351414.247	902.786	7.86E-4	1.743E-5	100	0.00E0	
CH3CHO (34 5 30 4 _ 34 4 30 5) 	44003	351424.371	812.912	4.12E-5	4.188E-6	100	0.00E0	
CH3CHO (10 3 8 0 _ 10 1 9 0) 	44003	351476.943	71.278	8.04E-7	4.135E-5	100	0.00E0	
CH3CHO (16 2 14 2 _ 15 2 14 1) 	44003	351536.259	136.555	6.22E-8	2.614E-6	100	0.00E0	
CH3CHO (13 2 12 0 _ 12 1 11 0) 	44003	351574.254	93.008	9.83E-5	5.226E-3	100	0.00E0	
CH3CHO (6 3 3 0 _ 5 2 4 0) 	44003	351588.984	39.808	1.25E-4	5.455E-3	100	0.00E0	
CH3CHO (31 2 30 7 _ 30 3 28 7) 	44003	351612.279	846.083	4.49E-6	2.988E-7	100	0.00E0	
CH3CHO (8 2 6 8 _ 7 2 6 7) 	44003	351619.467	430.896	4.19E-5	4.777E-5	100	0.00E0	
CH3CHO (31 4 28 4 _ 31 3 29 4) 	44003	351642.709	701.596	1.49E-4	4.212E-5	100	0.00E0	
CH3CHO (43 2 41 6 _ 43 9 35 3) 	44003	351670.293	1278.68	1.45E-7	1.756E-10	100	0.00E0	
CH3CHO (23 3 20 6 _ 23 2 21 6) 	44003	351681.628	663.886	1.93E-4	5.917E-5	100	0.00E0	
CH3CHO (41 7 34 6 _ 42 10 32 3) 	44003	351701.283	1280.566	8.83E-8	1.003E-10	100	0.00E0	
CH3CHO (41 3 38 0 _ 41 2 39 0) 	44003	351849.229	829.535	1.42E-4	1.466E-5	100	0.00E0	
CH3CHO (21 3 18 5 _ 21 1 20 5) 	44003	351860.380	441.14	1.88E-8	4.899E-8	100	0.00E0	
CH3CHO (18 14 4 8 _ 17 14 3 8) 	44003	351924.835	968.07	5.85E-4	6.735E-6	100	0.00E0	
CH3CHO (30 3 28 4 _ 30 1 29 5) 	44003	351975.740	656.135	7.69E-6	3.304E-6	100	0.00E0	
CH3CHO (41 3 38 2 _ 41 2 39 2) 	44003	352008.733	829.498	1.42E-4	1.462E-5	100	0.00E0	
CH3CHO (33 3 30 6 _ 32 4 29 6) 	44003	352021.855	932.298	7.46E-5	2.224E-6	100	0.00E0	
CH3CHO (19 15 4 6 _ 18 15 3 6) 	44003	352049.390	1061.273	6.21E-4	2.967E-6	100	0.00E0	
CH3CHO (19 15 5 6 _ 18 15 4 6) 	44003	352049.390	1061.273	6.21E-4	2.967E-6	100	0.00E0	
CH3CHO (21 3 18 8 _ 21 1 20 8) 	44003	352104.703	617.388	2.02E-5	8.986E-6	100	0.00E0	
CH3CHO (21 3 19 7 _ 20 3 17 8) 	44003	352123.836	615.007	7.58E-5	3.458E-5	100	0.00E0	
CH3CHO (30 3 28 1 _ 30 1 29 2) 	44003	352127.323	450.458	9.52E-6	3.195E-5	100	0.00E0	
CH3CHO (6 3 3 2 _ 5 2 4 1) 	44003	352135.011	39.811	2.36E-6	1.027E-4	100	0.00E0	
CH3CHO (19 1 19 1 _ 18 1 18 1) 	44003	352231.942	172.126	1.50E-3	5.213E-2	100	0.00E0	
CH3CHO (37 5 32 8 _ 36 6 31 7) 	44003	352238.596	1092.02	1.84E-7	1.238E-9	100	0.00E0	
CH3CHO (19 1 19 0 _ 18 1 18 0) 	44003	352251.185	172.058	1.50E-3	5.212E-2	100	0.00E0	
CH3CHO (24 2 22 8 _ 23 3 21 7) 	44003	352278.560	673.489	1.35E-4	3.905E-5	100	0.00E0	
CH3CHO (28 9 20 4 _ 28 0 28 8) 	44003	352305.969	761.364	2.27E-8	3.174E-9	100	0.00E0	
CH3CHO (13 3 10 8 _ 12 3 10 7) 	44003	352334.218	490.244	7.28E-5	7.253E-5	100	0.00E0	
CH3CHO (35 5 31 1 _ 35 4 31 2) 	44003	352347.358	640.506	2.47E-7	1.439E-7	100	0.00E0	
CH3CHO (22 8 15 7 _ 23 7 17 7) 	44003	352377.262	754.262	3.06E-5	3.624E-6	100	0.00E0	
CH3CHO (24 12 12 8 _ 23 15 8 5) 	44003	352392.893	980.262	2.61E-7	3.509E-9	100	0.00E0	
CH3CHO (30 15 15 8 _ 30 18 13 4) 	44003	352413.844	1372.411	3.10E-7	1.029E-10	100	0.00E0	
CH3CHO (42 2 40 6 _ 42 9 34 3) 	44003	352432.600	1238.965	1.41E-7	2.474E-10	100	0.00E0	
CH3CHO (9 3 7 1 _ 9 1 8 2) 	44003	352442.430	61.932	3.69E-7	1.872E-5	100	0.00E0	
CH3CHO (31 10 22 6 _ 31 13 18 3) 	44003	352454.340	1057.165	5.24E-8	4.206E-10	100	0.00E0	
CH3CHO (46 4 42 8 _ 46 3 43 8) 	44003	352456.023	1430.508	1.24E-4	3.501E-8	100	0.00E0	
CH3CHO (22 9 13 3 _ 23 8 16 3) 	44003	352499.456	621.46	2.81E-5	1.255E-5	100	0.00E0	
CH3CHO (22 9 14 3 _ 23 8 15 3) 	44003	352499.481	621.46	2.81E-5	1.255E-5	100	0.00E0	
CH3CHO (32 10 23 0 _ 32 2 31 3) 	44003	352507.583	713.334	5.10E-7	1.313E-7	100	0.00E0	
CH3CHO (28 10 19 7 _ 28 13 15 5) 	44003	352512.809	975.337	8.09E-8	1.330E-9	100	0.00E0	
CH3CHO (19 4 16 4 _ 18 4 14 5) 	44003	352529.129	417.294	1.41E-7	4.217E-7	100	0.00E0	
CH3CHO (33 4 30 7 _ 33 3 31 7) 	44003	352596.097	933.924	1.01E-4	2.959E-6	100	0.00E0	
CH3CHO (16 3 13 5 _ 15 3 13 4) 	44003	352611.908	352.784	5.09E-7	2.447E-6	100	0.00E0	
CH3CHO (35 2 33 5 _ 35 2 34 4) 	44003	352618.922	805.989	7.26E-6	8.085E-7	100	0.00E0	
CH3CHO (22 9 13 2 _ 23 8 15 2) 	44003	352632.706	416.436	2.88E-5	1.000E-4	100	0.00E0	
CH3CHO (33 19 14 6 _ 32 21 12 3) 	44003	352657.565	1691.046	2.23E-7	3.352E-12	100	0.00E0	
CH3CHO (33 19 15 6 _ 32 21 11 3) 	44003	352657.565	1691.046	2.23E-7	3.352E-12	100	0.00E0	
CH3CHO (30 3 28 0 _ 30 1 29 0) 	44003	352659.553	450.492	9.03E-6	3.022E-5	100	0.00E0	
CH3CHO (19 1 19 3 _ 18 1 18 3) 	44003	352664.510	378.644	1.53E-3	6.712E-3	100	0.00E0	
CH3CHO (36 4 32 3 _ 35 5 31 3) 	44003	352690.853	862.384	4.48E-5	2.916E-6	100	0.00E0	
CH3CHO (18 8 11 6 _ 17 8 10 6) 	44003	352694.774	673.608	1.18E-3	2.580E-4	100	0.00E0	
CH3CHO (18 8 10 6 _ 17 8 9 6) 	44003	352695.160	673.608	1.18E-3	2.580E-4	100	0.00E0	
CH3CHO (22 9 14 0 _ 23 8 15 0) 	44003	352731.162	416.366	2.88E-5	1.001E-4	100	0.00E0	
CH3CHO (22 9 13 0 _ 23 8 16 0) 	44003	352731.164	416.366	2.88E-5	1.001E-4	100	0.00E0	
CH3CHO (9 2 8 4 _ 8 0 8 5) 	44003	352788.828	254.373	3.65E-6	2.700E-5	100	0.00E0	
CH3CHO (18 17 2 7 _ 17 17 1 7) 	44003	352813.051	1171.975	1.62E-4	2.413E-7	100	0.00E0	
CH3CHO (8 3 5 8 _ 8 2 7 7) 	44003	352844.700	438.695	6.29E-5	6.587E-5	100	0.00E0	
CH3CHO (31 3 29 1 _ 31 2 30 1) 	44003	352866.108	479.002	1.14E-4	2.964E-4	100	0.00E0	
CH3CHO (8 4 4 8 _ 8 2 6 8) 	44003	352876.786	447.832	1.59E-6	1.523E-6	100	0.00E0	
CH3CHO (41 11 30 3 _ 41 6 36 6) 	44003	352891.428	1271.113	2.19E-7	2.721E-10	100	0.00E0	
CH3CHO (11 4 8 7 _ 11 2 10 7) 	44003	352915.222	467.694	2.38E-6	2.525E-6	100	0.00E0	
CH3CHO (20 10 11 7 _ 21 9 13 7) 	44003	352938.402	795.232	2.49E-5	1.780E-6	100	0.00E0	
CH3CHO (18 7 12 7 _ 17 7 11 7) 	44003	353005.402	638.449	1.25E-3	3.861E-4	100	0.00E0	
CH3CHO (32 3 30 3 _ 32 2 31 3) 	44003	353079.294	713.361	9.97E-5	2.559E-5	100	0.00E0	
CH3CHO (22 3 19 8 _ 22 1 21 8) 	44003	353104.651	637.762	2.69E-5	1.019E-5	100	0.00E0	
CH3CHO (18 10 8 6 _ 17 10 7 6) 	44003	353170.709	751.015	1.02E-3	1.022E-4	100	0.00E0	
CH3CHO (18 10 9 6 _ 17 10 8 6) 	44003	353170.782	751.015	1.02E-3	1.022E-4	100	0.00E0	
CH3CHO (18 3 15 5 _ 18 1 17 5) 	44003	353192.963	385.272	6.98E-8	2.712E-7	100	0.00E0	
CH3CHO (31 3 29 0 _ 31 2 30 0) 	44003	353288.222	479.037	1.15E-4	2.987E-4	100	0.00E0	
CH3CHO (19 1 19 4 _ 18 1 18 4) 	44003	353296.365	376.847	1.51E-3	6.700E-3	100	0.00E0	
CH3CHO (10 4 7 1 _ 11 2 10 1) 	44003	353310.282	86.959	5.05E-8	2.196E-6	100	0.00E0	
CH3CHO (31 24 7 6 _ 32 24 8 6) 	44003	353333.802	2142.521	1.74E-6	2.683E-13	100	0.00E0	
CH3CHO (31 24 8 6 _ 32 24 9 6) 	44003	353333.802	2142.521	1.74E-6	2.683E-13	100	0.00E0	
CH3CHO (17 2 16 7 _ 17 0 17 8) 	44003	353336.339	533.491	1.04E-5	8.650E-6	100	0.00E0	
CH3CHO (19 0 19 2 _ 18 0 18 2) 	44003	353387.436	171.886	1.52E-3	5.246E-2	100	0.00E0	
CH3CHO (26 10 17 4 _ 27 9 19 4) 	44003	353394.987	752.41	2.94E-5	4.163E-6	100	0.00E0	
CH3CHO (28 2 27 1 _ 28 1 28 1) 	44003	353410.627	380.595	6.48E-5	4.061E-4	100	0.00E0	
CH3CHO (19 0 19 0 _ 18 0 18 0) 	44003	353426.210	171.814	1.52E-3	5.245E-2	100	0.00E0	
CH3CHO (21 0 21 8 _ 20 1 20 7) 	44003	353428.098	587.199	2.10E-4	1.257E-4	100	0.00E0	
CH3CHO (30 12 18 8 _ 31 11 20 8) 	44003	353447.613	1128.92	2.26E-5	8.520E-8	100	0.00E0	
CH3CHO (3 3 1 7 _ 3 2 2 7) 	44003	353519.861	409.821	5.82E-7	3.337E-7	100	0.00E0	
CH3CHO (19 0 19 3 _ 18 0 18 3) 	44003	353536.096	378.449	1.54E-3	6.748E-3	100	0.00E0	
CH3CHO (30 3 27 3 _ 29 4 26 3) 	44003	353547.198	660.945	5.09E-5	2.064E-5	100	0.00E0	
CH3CHO (22 9 14 1 _ 23 8 16 1) 	44003	353598.373	416.435	2.90E-5	1.002E-4	100	0.00E0	
CH3CHO (21 5 16 6 _ 21 4 17 6) 	44003	353609.215	659.384	1.21E-4	3.515E-5	100	0.00E0	
CH3CHO (18 11 8 7 _ 17 11 7 7) 	44003	353617.075	799.835	9.33E-4	5.727E-5	100	0.00E0	
CH3CHO (36 13 24 6 _ 37 15 22 3) 	44003	353718.769	1374.418	6.84E-6	2.646E-9	100	0.00E0	
CH3CHO (36 13 23 6 _ 37 15 23 3) 	44003	353719.546	1374.418	6.84E-6	2.646E-9	100	0.00E0	
CH3CHO (36 12 25 7 _ 37 14 23 5) 	44003	353725.291	1309.838	3.85E-7	2.839E-10	100	0.00E0	
CH3CHO (31 4 28 3 _ 31 10 22 0) 	44003	353726.926	700.726	1.74E-8	4.884E-9	100	0.00E0	
CH3CHO (18 2 16 5 _ 17 2 15 5) 	44003	353734.678	374.969	1.49E-3	6.411E-3	100	0.00E0	
CH3CHO (36 5 31 0 _ 36 4 32 0) 	44003	353742.002	674.549	1.75E-4	7.404E-5	100	0.00E0	
CH3CHO (36 6 31 0 _ 37 3 34 0) 	44003	353802.215	698.085	9.87E-7	3.303E-7	100	0.00E0	
CH3CHO (45 4 42 4 _ 44 5 39 5) 	44003	353843.712	1200.329	2.36E-5	6.486E-8	100	0.00E0	
CH3CHO (31 10 22 3 _ 31 3 28 6) 	44003	353856.687	887.882	1.26E-7	5.446E-9	100	0.00E0	
CH3CHO (40 4 37 4 _ 39 5 35 4) 	44003	353860.768	1001.853	7.87E-6	1.401E-7	100	0.00E0	
CH3CHO (31 1 30 3 _ 31 1 31 3) 	44003	353907.927	667.089	1.73E-5	6.821E-6	100	0.00E0	
CH3CHO (19 11 8 8 _ 18 11 7 8) 	44003	353928.683	835.685	1.10E-3	4.947E-5	100	0.00E0	
CH3CHO (18 4 14 5 _ 18 3 16 4) 	44003	353976.429	400.376	1.28E-6	4.243E-6	100	0.00E0	
CH3CHO (41 7 35 7 _ 41 11 31 4) 	44003	353983.587	1288.618	2.76E-7	2.861E-10	100	0.00E0	
CH3CHO (21 5 17 6 _ 21 4 18 6) 	44003	354024.988	659.384	1.21E-4	3.517E-5	100	0.00E0	
CH3CHO (28 2 27 1 _ 28 0 28 2) 	44003	354047.711	380.595	7.08E-6	4.421E-5	100	0.00E0	
CH3CHO (42 27 16 1 _ 41 24 17 8) 	44003	354075.717	2480.699	1.41E-5	9.936E-14	100	0.00E0	
CH3CHO (36 5 31 2 _ 36 4 32 2) 	44003	354077.606	674.543	1.75E-4	7.399E-5	100	0.00E0	
CH3CHO (12 2 10 2 _ 11 1 10 2) 	44003	354087.733	81.865	4.49E-7	2.437E-5	100	0.00E0	
CH3CHO (32 2 30 8 _ 31 3 28 8) 	44003	354120.944	883.063	1.18E-5	5.528E-7	100	0.00E0	
CH3CHO (42 5 37 3 _ 41 6 36 3) 	44003	354130.389	1101.678	4.41E-5	3.027E-7	100	0.00E0	
CH3CHO (10 4 6 2 _ 11 2 10 1) 	44003	354152.133	86.999	3.37E-8	1.458E-6	100	0.00E0	
CH3CHO (40 3 38 7 _ 39 4 36 7) 	44003	354210.392	1153.799	1.00E-5	3.892E-8	100	0.00E0	
CH3CHO (27 10 17 5 _ 28 9 19 5) 	44003	354232.244	778.556	3.06E-5	3.438E-6	100	0.00E0	
CH3CHO (21 4 18 7 _ 21 2 20 7) 	44003	354234.931	622.833	6.74E-5	2.812E-5	100	0.00E0	
CH3CHO (16 8 8 5 _ 17 7 10 5) 	44003	354289.635	474.393	2.26E-5	3.196E-5	100	0.00E0	
CH3CHO (31 1 30 3 _ 31 0 31 3) 	44003	354290.659	667.089	4.78E-5	1.876E-5	100	0.00E0	
CH3CHO (41 3 38 8 _ 41 3 39 7) 	44003	354293.474	1208.231	7.65E-6	1.766E-8	100	0.00E0	
CH3CHO (5 5 1 7 _ 4 4 0 8) 	44003	354326.550	439.877	1.67E-4	1.109E-4	100	0.00E0	
CH3CHO (27 10 18 7 _ 27 13 14 5) 	44003	354378.211	949.608	7.50E-8	1.524E-9	100	0.00E0	
CH3CHO (30 5 26 7 _ 30 4 26 8) 	44003	354416.286	863.811	1.70E-5	9.005E-7	100	0.00E0	
CH3CHO (9 3 6 2 _ 9 1 8 2) 	44003	354422.468	62.027	2.86E-7	1.436E-5	100	0.00E0	
CH3CHO (16 14 3 4 _ 15 11 5 7) 	44003	354426.326	768.77	1.88E-7	1.400E-8	100	0.00E0	
CH3CHO (18 2 16 3 _ 17 2 15 3) 	44003	354457.665	374.966	1.52E-3	6.519E-3	100	0.00E0	
CH3CHO (19 1 19 7 _ 18 1 18 7) 	44003	354461.333	552.341	1.49E-3	1.138E-3	100	0.00E0	
CH3CHO (13 7 7 3 _ 14 6 8 3) 	44003	354506.144	399.05	2.10E-5	5.155E-5	100	0.00E0	
CH3CHO (13 7 6 3 _ 14 6 9 3) 	44003	354506.158	399.05	2.10E-5	5.155E-5	100	0.00E0	
CH3CHO (6 6 1 4 _ 7 5 3 4) 	44003	354522.711	304.334	3.07E-6	9.338E-6	100	0.00E0	
CH3CHO (19 0 19 5 _ 18 0 18 5) 	44003	354525.378	376.57	1.52E-3	6.751E-3	100	0.00E0	
CH3CHO (42 5 37 2 _ 41 6 35 2) 	44003	354531.609	896.337	3.35E-7	1.789E-8	100	0.00E0	
CH3CHO (42 16 27 6 _ 43 15 28 6) 	44003	354540.364	1772.152	8.05E-7	6.765E-12	100	0.00E0	
CH3CHO (20 3 17 8 _ 20 1 19 8) 	44003	354544.048	598.107	1.49E-5	7.601E-6	100	0.00E0	
CH3CHO (28 14 15 3 _ 29 10 19 6) 	44003	354552.089	1016.975	1.26E-7	1.351E-9	100	0.00E0	
CH3CHO (46 4 43 4 _ 45 5 40 5) 	44003	354552.354	1242.694	2.20E-5	4.036E-8	100	0.00E0	
CH3CHO (42 17 26 6 _ 43 15 29 6) 	44003	354601.637	1772.156	8.78E-7	7.370E-12	100	0.00E0	
CH3CHO (36 6 31 1 _ 37 3 34 2) 	44003	354635.903	698.091	8.79E-7	2.928E-7	100	0.00E0	
CH3CHO (18 16 3 7 _ 17 16 2 7) 	44003	354660.713	1094.252	3.16E-4	1.014E-6	100	0.00E0	
CH3CHO (40 3 38 7 _ 40 2 39 7) 	44003	354674.248	1153.799	4.04E-5	1.568E-7	100	0.00E0	
CH3CHO (26 11 16 7 _ 27 10 18 7) 	44003	354689.806	966.631	1.39E-5	2.285E-7	100	0.00E0	
CH3CHO (18 15 4 7 _ 17 15 3 7) 	44003	354710.812	1025.481	4.59E-4	2.934E-6	100	0.00E0	
CH3CHO (29 1 28 2 _ 29 1 29 1) 	44003	354726.634	406.3	7.03E-6	3.501E-5	100	0.00E0	
CH3CHO (21 1 20 5 _ 20 2 19 4) 	44003	354736.247	424.253	1.16E-4	3.523E-4	100	0.00E0	
CH3CHO (28 2 27 0 _ 28 1 28 0) 	44003	354802.200	380.603	6.64E-5	4.128E-4	100	0.00E0	
CH3CHO (39 15 24 5 _ 38 18 20 2) 	44003	354804.314	1428.45	2.50E-7	3.025E-11	100	0.00E0	
CH3CHO (39 16 24 4 _ 38 18 20 2) 	44003	354804.314	1428.45	2.50E-7	3.025E-11	100	0.00E0	
CH3CHO (18 2 16 2 _ 17 2 15 2) 	44003	354812.939	169.656	1.52E-3	5.062E-2	100	0.00E0	
CH3CHO (18 17 1 6 _ 17 17 0 6) 	44003	354829.372	1170.929	1.65E-4	2.462E-7	100	0.00E0	
CH3CHO (18 17 2 6 _ 17 17 1 6) 	44003	354829.372	1170.929	1.65E-4	2.462E-7	100	0.00E0	
CH3CHO (18 2 16 0 _ 17 2 15 0) 	44003	354844.371	169.642	1.52E-3	5.061E-2	100	0.00E0	
CH3CHO (18 4 15 7 _ 17 4 14 7) 	44003	354850.548	565.881	1.42E-3	8.999E-4	100	0.00E0	
CH3CHO (42 7 36 7 _ 43 5 39 7) 	44003	354855.986	1327.997	9.81E-7	6.981E-10	100	0.00E0	
CH3CHO (31 3 28 5 _ 30 4 26 5) 	44003	354881.712	690.957	3.02E-8	9.297E-9	100	0.00E0	
CH3CHO (18 12 7 7 _ 17 12 6 7) 	44003	354887.487	847.048	8.31E-4	3.159E-5	100	0.00E0	
CH3CHO (3 3 1 7 _ 3 1 2 8) 	44003	354912.918	409.821	2.33E-7	1.328E-7	100	0.00E0	
CH3CHO (22 9 14 4 _ 23 8 16 4) 	44003	354919.624	619.674	2.83E-5	1.270E-5	100	0.00E0	
CH3CHO (8 8 0 6 _ 9 7 3 6) 	44003	354925.380	546.249	1.69E-6	5.960E-7	100	0.00E0	
CH3CHO (8 8 1 6 _ 9 7 2 6) 	44003	354925.380	546.249	1.69E-6	5.960E-7	100	0.00E0	
CH3CHO (44 26 18 3 _ 44 25 19 3) 	44003	354944.337	2745.698	8.07E-6	4.191E-15	100	0.00E0	
CH3CHO (44 26 19 3 _ 44 25 20 3) 	44003	354944.337	2745.698	8.07E-6	4.191E-15	100	0.00E0	
CH3CHO (25 2 23 5 _ 24 3 22 4) 	44003	354947.157	520.53	6.32E-5	8.666E-5	100	0.00E0	
CH3CHO (42 11 31 3 _ 42 6 37 6) 	44003	354961.098	1309.881	2.90E-7	2.473E-10	100	0.00E0	
CH3CHO (39 6 33 8 _ 40 4 37 7) 	44003	354965.512	1190.909	4.26E-7	1.110E-9	100	0.00E0	
CH3CHO (21 5 16 6 _ 22 3 19 6) 	44003	354984.511	659.384	1.44E-6	4.154E-7	100	0.00E0	
CH3CHO (34 1 33 8 _ 33 3 31 7) 	44003	355056.328	934.042	2.27E-7	6.740E-9	100	0.00E0	
CH3CHO (18 5 14 7 _ 17 5 13 7) 	44003	355105.744	588.31	1.38E-3	6.988E-4	100	0.00E0	
CH3CHO (36 4 32 2 _ 35 5 31 1) 	44003	355140.153	657.55	4.93E-5	2.455E-5	100	0.00E0	
CH3CHO (29 1 28 2 _ 29 0 29 2) 	44003	355226.544	406.3	6.41E-5	3.181E-4	100	0.00E0	
CH3CHO (18 6 13 7 _ 17 6 12 7) 	44003	355353.320	608.65	1.33E-3	5.475E-4	100	0.00E0	
CH3CHO (36 4 32 0 _ 35 5 31 0) 	44003	355354.969	657.572	4.96E-5	2.466E-5	100	0.00E0	
CH3CHO (13 7 7 7 _ 14 6 9 7) 	44003	355364.891	563.19	1.98E-5	9.380E-6	100	0.00E0	
CH3CHO (21 1 20 0 _ 20 2 19 0) 	44003	355371.062	219.214	1.25E-4	2.944E-3	100	0.00E0	
CH3CHO (38 7 31 8 _ 39 5 34 8) 	44003	355400.279	1181.828	2.27E-7	6.303E-10	100	0.00E0	
CH3CHO (28 2 27 0 _ 28 0 28 0) 	44003	355448.210	380.602	6.66E-6	4.124E-5	100	0.00E0	
CH3CHO (13 1 12 2 _ 12 0 12 2) 	44003	355454.132	88.451	5.03E-9	2.740E-7	100	0.00E0	
CH3CHO (28 4 24 5 _ 28 3 26 4) 	44003	355467.168	618.717	1.12E-6	6.396E-7	100	0.00E0	
CH3CHO (25 2 23 0 _ 24 3 22 0) 	44003	355474.078	315.242	7.44E-5	7.930E-4	100	0.00E0	
CH3CHO (17 8 10 0 _ 18 7 11 0) 	44003	355517.865	285.667	2.54E-5	2.493E-4	100	0.00E0	
CH3CHO (17 8 9 0 _ 18 7 12 0) 	44003	355517.868	285.667	2.54E-5	2.493E-4	100	0.00E0	
CH3CHO (46 7 40 7 _ 45 8 38 7) 	44003	355518.585	1493.788	5.50E-5	8.139E-9	100	0.00E0	
CH3CHO (18 9 9 6 _ 17 9 8 6) 	44003	355525.866	707.972	1.11E-3	1.683E-4	100	0.00E0	
CH3CHO (14 2 13 4 _ 13 1 12 5) 	44003	355576.192	310.264	6.36E-5	4.048E-4	100	0.00E0	
CH3CHO (19 1 19 6 _ 18 1 18 6) 	44003	355581.275	543.202	1.49E-3	1.237E-3	100	0.00E0	
CH3CHO (25 5 21 7 _ 25 4 21 8) 	44003	355590.450	733.143	9.90E-5	1.614E-5	100	0.00E0	
CH3CHO (31 4 28 1 _ 31 3 29 1) 	44003	355606.161	496.069	1.53E-4	3.301E-4	100	0.00E0	
CH3CHO (31 4 28 0 _ 31 3 29 0) 	44003	355647.615	496.105	1.54E-4	3.310E-4	100	0.00E0	
CH3CHO (9 3 7 0 _ 9 1 8 0) 	44003	355692.470	62.02	6.40E-7	3.193E-5	100	0.00E0	
CH3CHO (39 5 34 6 _ 38 6 33 6) 	44003	355755.479	1160.96	5.78E-5	2.022E-7	100	0.00E0	
CH3CHO (10 4 7 0 _ 11 2 10 0) 	44003	355776.333	87.064	8.00E-8	3.430E-6	100	0.00E0	
CH3CHO (39 3 36 8 _ 39 2 37 8) 	44003	355804.294	1132.402	1.42E-4	6.602E-7	100	0.00E0	
CH3CHO (21 1 20 2 _ 20 2 19 1) 	44003	355810.456	219.243	1.26E-4	2.943E-3	100	0.00E0	
CH3CHO (36 6 30 2 _ 37 3 34 2) 	44003	355919.719	698.153	1.08E-7	3.555E-8	100	0.00E0	
CH3CHO (17 3 14 5 _ 17 1 16 5) 	44003	356023.422	368.557	7.03E-8	3.007E-7	100	0.00E0	
CH3CHO (7 2 6 7 _ 6 0 6 8) 	44003	356026.541	414.021	4.73E-5	5.501E-5	100	0.00E0	
CH3CHO (29 1 28 0 _ 29 1 29 0) 	44003	356047.160	406.305	6.58E-6	3.254E-5	100	0.00E0	
CH3CHO (26 20 7 4 _ 25 18 7 8) 	44003	356052.916	1417.875	2.96E-6	5.307E-10	100	0.00E0	
CH3CHO (10 4 6 8 _ 9 4 6 7) 	44003	356077.179	465.841	7.78E-5	7.546E-5	100	0.00E0	
CH3CHO (32 4 29 4 _ 32 3 30 4) 	44003	356089.844	731.29	1.55E-4	3.263E-5	100	0.00E0	
CH3CHO (42 3 40 6 _ 41 10 32 3) 	44003	356109.909	1241.854	3.74E-6	6.252E-9	100	0.00E0	
CH3CHO (25 2 23 2 _ 24 3 22 1) 	44003	356124.637	315.238	7.48E-5	7.938E-4	100	0.00E0	
CH3CHO (36 7 29 5 _ 37 5 32 5) 	44003	356161.651	931.67	1.94E-7	6.190E-9	100	0.00E0	
CH3CHO (19 8 11 8 _ 18 8 10 8) 	44003	356162.949	709.214	1.36E-3	2.148E-4	100	0.00E0	
CH3CHO (18 9 10 6 _ 17 9 9 6) 	44003	356231.567	708.014	1.08E-3	1.633E-4	100	0.00E0	
CH3CHO (46 11 35 3 _ 46 6 41 6) 	44003	356232.654	1474.162	7.45E-7	1.336E-10	100	0.00E0	
CH3CHO (26 10 17 7 _ 26 13 13 5) 	44003	356248.996	924.802	6.76E-8	1.679E-9	100	0.00E0	
CH3CHO (43 5 38 8 _ 43 10 33 5) 	44003	356267.870	1321.55	9.40E-6	7.249E-9	100	0.00E0	
CH3CHO (17 8 9 2 _ 18 7 11 2) 	44003	356275.075	285.759	2.55E-5	2.497E-4	100	0.00E0	
CH3CHO (28 9 19 5 _ 28 0 28 8) 	44003	356283.343	761.555	1.72E-7	2.352E-8	100	0.00E0	
CH3CHO (36 5 31 5 _ 36 4 32 5) 	44003	356296.983	880.078	1.44E-4	7.701E-6	100	0.00E0	
CH3CHO (32 11 21 3 _ 33 4 29 6) 	44003	356321.859	963.684	5.71E-8	1.178E-9	100	0.00E0	
CH3CHO (8 3 6 1 _ 8 1 7 2) 	44003	356322.357	53.598	2.71E-7	1.311E-5	100	0.00E0	
CH3CHO (15 2 14 6 _ 15 1 15 6) 	44003	356326.025	497.374	1.38E-4	1.438E-4	100	0.00E0	
CH3CHO (43 11 32 3 _ 43 6 38 6) 	44003	356340.339	1349.57	3.77E-7	2.194E-10	100	0.00E0	
CH3CHO (18 2 16 6 _ 17 2 15 6) 	44003	356375.702	546.934	1.49E-3	1.130E-3	100	0.00E0	
CH3CHO (19 9 11 7 _ 18 9 9 8) 	44003	356378.478	741.332	1.27E-3	1.448E-4	100	0.00E0	
CH3CHO (11 4 8 4 _ 12 2 11 4) 	44003	356406.008	302.238	1.42E-7	7.736E-7	100	0.00E0	
CH3CHO (39 12 27 6 _ 40 10 30 6) 	44003	356421.637	1374.744	9.00E-6	3.702E-9	100	0.00E0	
CH3CHO (35 2 33 6 _ 35 2 34 6) 	44003	356429.601	983.803	1.16E-6	2.129E-8	100	0.00E0	
CH3CHO (17 4 13 5 _ 17 3 15 4) 	44003	356443.659	383.713	6.54E-7	2.397E-6	100	0.00E0	
CH3CHO (42 10 32 5 _ 42 3 39 8) 	44003	356456.975	1264.62	2.49E-6	3.309E-9	100	0.00E0	
CH3CHO (19 12 7 8 _ 18 12 6 8) 	44003	356469.043	881.15	1.06E-3	2.983E-5	100	0.00E0	
CH3CHO (20 18 2 8 _ 19 18 1 8) 	44003	356496.238	1297.665	3.59E-4	1.654E-7	100	0.00E0	
CH3CHO (40 13 28 4 _ 41 12 30 4) 	44003	356509.618	1340.093	3.27E-5	1.946E-8	100	0.00E0	
CH3CHO (29 1 28 0 _ 29 0 29 0) 	44003	356553.405	406.305	6.56E-5	3.234E-4	100	0.00E0	
CH3CHO (23 12 11 5 _ 22 8 14 8) 	44003	356640.753	783.121	6.93E-8	6.279E-9	100	0.00E0	
CH3CHO (7 2 5 8 _ 7 1 7 7) 	44003	356657.606	423.485	2.21E-6	2.328E-6	100	0.00E0	
CH3CHO (44 6 38 6 _ 44 5 39 6) 	44003	356690.149	1373.689	1.73E-4	8.073E-8	100	0.00E0	
CH3CHO (35 2 33 5 _ 35 1 34 5) 	44003	356713.533	805.989	1.19E-4	1.291E-5	100	0.00E0	
CH3CHO (45 8 37 3 _ 46 6 40 3) 	44003	356736.349	1307.16	5.50E-7	5.115E-10	100	0.00E0	
CH3CHO (32 4 29 3 _ 32 3 30 3) 	44003	356745.535	730.482	1.45E-4	3.073E-5	100	0.00E0	
CH3CHO (32 9 23 5 _ 31 3 29 7) 	44003	356754.739	874.671	1.18E-7	5.903E-9	100	0.00E0	
CH3CHO (40 27 13 3 _ 40 26 14 3) 	44003	356761.610	2592.638	9.12E-6	1.972E-14	100	0.00E0	
CH3CHO (40 27 14 3 _ 40 26 15 3) 	44003	356761.610	2592.638	9.12E-6	1.972E-14	100	0.00E0	
CH3CHO (26 10 16 3 _ 27 9 19 3) 	44003	356770.543	754.028	3.06E-5	4.180E-6	100	0.00E0	
CH3CHO (26 10 17 3 _ 27 9 18 3) 	44003	356771.104	754.028	3.06E-5	4.180E-6	100	0.00E0	
CH3CHO (46 22 25 6 _ 45 23 23 3) 	44003	356778.246	2358.117	9.14E-6	2.366E-13	100	0.00E0	
CH3CHO (46 22 24 6 _ 45 23 22 3) 	44003	356778.246	2358.117	9.14E-6	2.366E-13	100	0.00E0	
CH3CHO (17 8 10 1 _ 18 7 12 1) 	44003	356787.290	285.693	2.56E-5	2.501E-4	100	0.00E0	
CH3CHO (9 3 6 3 _ 9 1 9 3) 	44003	356816.666	266.225	9.59E-7	6.169E-6	100	0.00E0	
CH3CHO (45 24 21 0 _ 45 22 23 3) 	44003	356905.592	2255.77	1.26E-6	8.847E-14	100	0.00E0	
CH3CHO (45 24 22 0 _ 45 22 24 3) 	44003	356905.592	2255.77	1.26E-6	8.847E-14	100	0.00E0	
CH3CHO (8 2 6 5 _ 7 1 7 4) 	44003	356911.073	248.656	7.97E-6	5.464E-5	100	0.00E0	
CH3CHO (6 2 4 8 _ 6 1 6 7) 	44003	356930.869	417.005	1.70E-6	1.657E-6	100	0.00E0	
CH3CHO (10 2 9 1 _ 9 1 9 1) 	44003	356934.375	59.863	1.04E-6	5.813E-5	100	0.00E0	
CH3CHO (45 11 34 3 _ 45 6 40 6) 	44003	356974.847	1431.711	6.03E-7	1.610E-10	100	0.00E0	
CH3CHO (44 11 33 3 _ 44 6 39 6) 	44003	357013.190	1390.18	4.80E-7	1.900E-10	100	0.00E0	
CH3CHO (40 27 14 4 _ 40 26 15 4) 	44003	357020.032	2583.517	8.02E-6	1.896E-14	100	0.00E0	
CH3CHO (19 3 17 1 _ 18 3 15 2) 	44003	357094.879	196.314	7.90E-7	2.097E-5	100	0.00E0	
CH3CHO (20 2 18 5 _ 20 1 20 4) 	44003	357101.259	411.819	3.79E-7	1.224E-6	100	0.00E0	
CH3CHO (9 4 5 8 _ 9 2 7 8) 	44003	357155.258	456.382	2.06E-6	1.979E-6	100	0.00E0	
CH3CHO (37 27 11 4 _ 37 26 11 5) 	44003	357163.457	2466.125	5.44E-5	3.850E-13	100	0.00E0	
CH3CHO (6 3 3 5 _ 5 2 3 5) 	44003	357200.481	246.348	1.32E-4	7.083E-4	100	0.00E0	
CH3CHO (8 4 5 7 _ 7 2 5 8) 	44003	357207.198	440.628	1.87E-5	1.874E-5	100	0.00E0	
CH3CHO (18 3 15 2 _ 17 3 15 1) 	44003	357285.717	179.176	1.68E-6	5.024E-5	100	0.00E0	
CH3CHO (32 4 29 3 _ 32 10 23 0) 	44003	357317.246	730.482	7.43E-7	1.572E-7	100	0.00E0	
CH3CHO (19 16 3 8 _ 18 16 2 8) 	44003	357322.740	1134.074	5.19E-4	1.162E-6	100	0.00E0	
CH3CHO (18 1 17 6 _ 17 1 16 6) 	44003	357326.050	535.685	1.51E-3	1.273E-3	100	0.00E0	
CH3CHO (3 3 1 6 _ 4 2 2 6) 	44003	357467.144	412.227	1.20E-5	6.560E-6	100	0.00E0	
CH3CHO (19 5 15 6 _ 18 5 14 6) 	44003	357476.102	622.309	1.54E-3	5.776E-4	100	0.00E0	
CH3CHO (19 5 14 6 _ 18 5 13 6) 	44003	357478.241	622.309	1.54E-3	5.776E-4	100	0.00E0	
CH3CHO (18 6 13 7 _ 19 4 15 8) 	44003	357510.051	608.65	2.18E-6	8.854E-7	100	0.00E0	
CH3CHO (19 1 19 3 _ 18 0 18 3) 	44003	357607.998	378.644	2.05E-4	8.743E-4	100	0.00E0	
CH3CHO (3 3 0 6 _ 4 2 3 6) 	44003	357628.018	412.227	1.20E-5	6.561E-6	100	0.00E0	
CH3CHO (42 5 37 5 _ 41 6 35 5) 	44003	357688.240	1101.645	2.92E-5	1.967E-7	100	0.00E0	
CH3CHO (6 6 0 6 _ 6 5 1 6) 	44003	357723.261	487.722	3.51E-5	1.680E-5	100	0.00E0	
CH3CHO (6 6 1 6 _ 6 5 2 6) 	44003	357723.261	487.722	3.51E-5	1.680E-5	100	0.00E0	
CH3CHO (33 4 29 6 _ 32 5 28 6) 	44003	357723.615	946.584	6.62E-5	1.659E-6	100	0.00E0	
CH3CHO (36 5 31 3 _ 36 4 32 3) 	44003	357756.417	879.553	1.77E-4	9.423E-6	100	0.00E0	
CH3CHO (33 11 23 3 _ 34 4 31 6) 	44003	357772.150	994.155	2.69E-8	4.192E-10	100	0.00E0	
CH3CHO (7 3 4 8 _ 7 2 6 7) 	44003	357774.012	431.191	6.18E-5	5.999E-5	100	0.00E0	
CH3CHO (8 2 6 8 _ 8 1 8 7) 	44003	357804.346	430.896	2.64E-6	2.915E-6	100	0.00E0	
CH3CHO (19 13 6 6 _ 18 13 5 6) 	44003	357851.821	942.124	9.00E-4	1.372E-5	100	0.00E0	
CH3CHO (19 13 7 6 _ 18 13 6 6) 	44003	357851.821	942.124	9.00E-4	1.372E-5	100	0.00E0	
CH3CHO (23 3 20 8 _ 23 1 22 8) 	44003	357856.856	659.239	3.35E-5	1.041E-5	100	0.00E0	
CH3CHO (34 8 26 8 _ 35 11 24 5) 	44003	357919.377	1075.964	4.49E-7	3.170E-9	100	0.00E0	
CH3CHO (33 2 31 6 _ 33 1 32 6) 	44003	357970.347	918.53	1.90E-4	6.281E-6	100	0.00E0	
CH3CHO (40 3 38 4 _ 39 4 36 4) 	44003	357980.176	982.028	2.24E-7	4.754E-9	100	0.00E0	
CH3CHO (41 13 29 1 _ 42 12 31 1) 	44003	358047.776	1175.612	3.78E-5	1.185E-7	100	0.00E0	
CH3CHO (26 4 23 7 _ 27 1 27 7) 	44003	358061.675	737.412	1.10E-6	1.761E-7	100	0.00E0	
CH3CHO (25 10 16 7 _ 25 13 12 5) 	44003	358096.198	900.916	5.94E-8	1.785E-9	100	0.00E0	
CH3CHO (38 27 12 4 _ 38 25 13 5) 	44003	358097.301	2503.68	3.77E-5	1.873E-13	100	0.00E0	
CH3CHO (41 13 28 0 _ 42 12 31 0) 	44003	358116.235	1175.655	3.78E-5	1.184E-7	100	0.00E0	
CH3CHO (41 13 29 0 _ 42 12 30 0) 	44003	358116.366	1175.655	3.78E-5	1.184E-7	100	0.00E0	
CH3CHO (26 4 23 7 _ 26 2 24 8) 	44003	358144.186	737.412	3.26E-5	5.225E-6	100	0.00E0	
CH3CHO (40 4 37 7 _ 39 5 35 7) 	44003	358211.797	1173.873	4.78E-5	1.487E-7	100	0.00E0	
CH3CHO (24 1 23 8 _ 23 2 22 7) 	44003	358220.479	664.23	1.41E-4	4.324E-5	100	0.00E0	
CH3CHO (37 17 21 7 _ 37 19 19 4) 	44003	358236.091	1673.319	1.27E-6	2.483E-11	100	0.00E0	
CH3CHO (14 3 11 6 _ 15 1 14 6) 	44003	358245.178	504.234	7.99E-8	7.206E-8	100	0.00E0	
CH3CHO (8 3 5 2 _ 8 1 7 2) 	44003	358327.860	53.694	2.35E-7	1.123E-5	100	0.00E0	
CH3CHO (32 10 23 3 _ 31 5 27 6) 	44003	358362.240	917.424	2.03E-8	6.583E-10	100	0.00E0	
CH3CHO (29 9 21 4 _ 29 1 29 7) 	44003	358362.731	788.203	6.79E-8	7.279E-9	100	0.00E0	
CH3CHO (19 1 19 1 _ 18 0 18 2) 	44003	358378.981	172.126	2.30E-4	7.704E-3	100	0.00E0	
CH3CHO (11 7 5 4 _ 12 6 7 4) 	44003	358391.845	374.363	1.57E-5	4.120E-5	100	0.00E0	
CH3CHO (12 7 6 0 _ 13 6 7 0) 	44003	358427.934	182.582	1.92E-5	3.725E-4	100	0.00E0	
CH3CHO (12 7 5 0 _ 13 6 8 0) 	44003	358427.940	182.582	1.92E-5	3.725E-4	100	0.00E0	
CH3CHO (19 1 19 0 _ 18 0 18 0) 	44003	358507.875	172.058	2.31E-4	7.751E-3	100	0.00E0	
CH3CHO (35 19 17 4 _ 34 17 17 8) 	44003	358548.399	1588.869	4.12E-7	8.833E-12	100	0.00E0	
CH3CHO (35 19 17 4 _ 34 17 18 7) 	44003	358548.399	1588.869	4.12E-7	8.833E-12	100	0.00E0	
CH3CHO (41 13 28 2 _ 42 12 30 2) 	44003	358552.890	1175.642	3.79E-5	1.186E-7	100	0.00E0	
CH3CHO (5 2 3 8 _ 5 1 5 7) 	44003	358560.374	411.455	1.20E-6	1.038E-6	100	0.00E0	
CH3CHO (45 5 41 3 _ 44 6 38 3) 	44003	358603.547	1222.337	4.20E-5	9.034E-8	100	0.00E0	
CH3CHO (26 3 23 8 _ 25 4 22 7) 	44003	358629.861	729.755	9.49E-6	1.636E-6	100	0.00E0	
CH3CHO (16 4 12 5 _ 16 3 14 4) 	44003	358737.605	367.981	3.17E-7	1.268E-6	100	0.00E0	
CH3CHO (31 11 21 4 _ 32 10 23 4) 	44003	358789.706	933.598	3.27E-5	8.708E-7	100	0.00E0	
CH3CHO (36 24 12 6 _ 36 27 9 0) 	44003	358795.114	2254.147	1.23E-6	6.977E-14	100	0.00E0	
CH3CHO (36 24 13 6 _ 36 27 10 0) 	44003	358795.114	2254.147	1.23E-6	6.977E-14	100	0.00E0	
CH3CHO (42 3 39 0 _ 42 3 40 0) 	44003	358843.832	868.827	1.15E-5	7.914E-7	100	0.00E0	
CH3CHO (42 3 39 2 _ 42 3 40 1) 	44003	358891.533	868.79	1.21E-5	8.323E-7	100	0.00E0	
CH3CHO (31 11 20 3 _ 30 7 24 6) 	44003	358892.305	934.136	4.12E-8	1.093E-9	100	0.00E0	
CH3CHO (31 11 21 3 _ 30 7 23 6) 	44003	358909.602	934.136	4.13E-8	1.094E-9	100	0.00E0	
CH3CHO (42 2 40 8 _ 42 2 41 7) 	44003	358942.417	1228.234	1.78E-5	3.365E-8	100	0.00E0	
CH3CHO (19 0 19 8 _ 18 0 18 8) 	44003	358965.481	550.101	1.58E-3	1.204E-3	100	0.00E0	
CH3CHO (42 5 37 2 _ 41 6 36 1) 	44003	358967.453	896.337	4.93E-5	2.573E-6	100	0.00E0	
CH3CHO (20 5 15 5 _ 21 3 19 4) 	44003	359044.897	456.554	1.94E-7	3.973E-7	100	0.00E0	
CH3CHO (21 5 16 8 _ 22 2 20 8) 	44003	359060.869	647.746	9.72E-7	3.081E-7	100	0.00E0	
CH3CHO (27 6 22 4 _ 28 4 25 4) 	44003	359075.765	635.291	1.05E-7	4.831E-8	100	0.00E0	
CH3CHO (44 14 31 6 _ 45 13 32 6) 	44003	359092.581	1729.512	1.55E-5	2.034E-10	100	0.00E0	
CH3CHO (44 15 30 6 _ 45 14 31 6) 	44003	359106.461	1729.512	1.54E-5	2.027E-10	100	0.00E0	
CH3CHO (19 3 16 8 _ 19 1 18 8) 	44003	359116.843	579.859	1.16E-5	6.599E-6	100	0.00E0	
CH3CHO (16 8 8 8 _ 17 7 10 8) 	44003	359162.999	660.685	2.35E-5	5.010E-6	100	0.00E0	
CH3CHO (36 6 31 6 _ 35 11 25 3) 	44003	359204.007	1075.102	5.94E-8	4.451E-10	100	0.00E0	
CH3CHO (45 16 30 7 _ 46 15 32 7) 	44003	359251.255	1898.74	1.86E-5	4.587E-11	100	0.00E0	
CH3CHO (34 11 23 6 _ 35 10 26 6) 	44003	359365.125	1200.785	2.78E-5	5.586E-8	100	0.00E0	
CH3CHO (42 5 37 0 _ 41 6 36 0) 	44003	359374.991	896.328	4.99E-5	2.598E-6	100	0.00E0	
CH3CHO (19 6 14 6 _ 18 6 13 6) 	44003	359376.131	641.052	1.48E-3	4.554E-4	100	0.00E0	
CH3CHO (19 6 13 6 _ 18 6 12 6) 	44003	359376.331	641.052	1.48E-3	4.554E-4	100	0.00E0	
CH3CHO (19 0 19 6 _ 18 0 18 6) 	44003	359391.704	541.801	1.54E-3	1.271E-3	100	0.00E0	
CH3CHO (35 2 33 2 _ 35 2 34 1) 	44003	359399.345	600.196	1.07E-5	8.986E-6	100	0.00E0	
CH3CHO (12 7 6 1 _ 13 6 8 1) 	44003	359430.085	182.539	1.94E-5	3.738E-4	100	0.00E0	
CH3CHO (33 11 23 6 _ 34 10 24 6) 	44003	359463.557	1168.859	2.72E-5	7.315E-8	100	0.00E0	
CH3CHO (44 2 42 8 _ 43 4 40 7) 	44003	359468.485	1307.862	1.51E-6	1.346E-9	100	0.00E0	
CH3CHO (2 2 0 8 _ 2 1 1 8) 	44003	359572.545	407.269	3.65E-7	1.486E-7	100	0.00E0	
CH3CHO (45 8 38 4 _ 44 1 43 8) 	44003	359572.655	1305.893	2.04E-7	1.887E-10	100	0.00E0	
CH3CHO (16 3 13 5 _ 16 1 15 5) 	44003	359590.764	352.784	6.51E-8	3.014E-7	100	0.00E0	
CH3CHO (32 10 23 0 _ 32 1 31 3) 	44003	359610.841	713.334	1.15E-7	2.845E-8	100	0.00E0	
CH3CHO (24 14 11 3 _ 23 11 13 6) 	44003	359614.597	918.773	1.92E-7	4.596E-9	100	0.00E0	
CH3CHO (24 14 10 3 _ 23 11 12 6) 	44003	359614.607	918.773	1.92E-7	4.596E-9	100	0.00E0	
CH3CHO (20 5 15 6 _ 20 4 16 6) 	44003	359620.257	640.386	1.28E-4	4.136E-5	100	0.00E0	
CH3CHO (35 2 33 0 _ 35 2 34 0) 	44003	359671.570	600.232	1.00E-5	8.416E-6	100	0.00E0	
CH3CHO (8 3 6 0 _ 8 1 7 0) 	44003	359681.147	53.688	4.95E-7	2.351E-5	100	0.00E0	
CH3CHO (45 5 41 1 _ 44 6 38 2) 	44003	359701.040	1016.64	4.54E-5	7.585E-7	100	0.00E0	
CH3CHO (6 4 3 6 _ 7 3 4 6) 	44003	359766.845	449.919	2.16E-5	1.490E-5	100	0.00E0	
CH3CHO (11 1 10 8 _ 10 1 10 7) 	44003	359779.791	448.3	9.61E-5	1.193E-4	100	0.00E0	
CH3CHO (6 4 2 6 _ 7 3 5 6) 	44003	359780.477	449.919	2.16E-5	1.490E-5	100	0.00E0	
CH3CHO (19 3 16 8 _ 18 3 15 8) 	44003	359798.193	579.859	1.57E-3	8.885E-4	100	0.00E0	
CH3CHO (15 9 6 8 _ 16 8 8 8) 	44003	359802.791	677.953	1.83E-5	3.086E-6	100	0.00E0	
CH3CHO (12 7 5 2 _ 13 6 7 2) 	44003	359837.017	182.644	1.95E-5	3.740E-4	100	0.00E0	
CH3CHO (24 10 15 7 _ 24 13 11 5) 	44003	359884.099	877.949	5.10E-8	1.835E-9	100	0.00E0	
CH3CHO (11 2 9 5 _ 10 1 9 5) 	44003	359885.599	276.514	6.29E-5	4.351E-4	100	0.00E0	
CH3CHO (38 6 33 7 _ 38 5 33 8) 	44003	359886.173	1145.193	6.52E-7	2.545E-9	100	0.00E0	
CH3CHO (20 5 16 6 _ 20 4 17 6) 	44003	359901.092	640.385	1.28E-4	4.138E-5	100	0.00E0	
CH3CHO (45 8 37 8 _ 44 9 36 7) 	44003	359904.090	1488.616	8.95E-7	1.332E-10	100	0.00E0	
CH3CHO (7 3 5 1 _ 7 1 6 2) 	44003	359937.856	46.191	1.94E-7	8.763E-6	100	0.00E0	
CH3CHO (31 3 29 4 _ 31 1 30 5) 	44003	359986.289	684.72	8.08E-6	2.580E-6	100	0.00E0	
CH3CHO (33 5 29 4 _ 33 4 29 5) 	44003	359995.776	781.326	4.83E-5	6.245E-6	100	0.00E0	
CH3CHO (25 1 24 6 _ 25 1 25 6) 	44003	360013.557	681.449	3.07E-6	8.207E-7	100	0.00E0	
CH3CHO (17 1 17 6 _ 16 0 16 6) 	44003	360023.564	509.959	2.38E-4	2.420E-4	100	0.00E0	
CH3CHO (25 5 21 4 _ 26 2 24 5) 	44003	360025.400	562.337	3.39E-7	2.975E-7	100	0.00E0	
CH3CHO (45 5 41 0 _ 44 6 38 0) 	44003	360096.596	1016.621	4.57E-5	7.615E-7	100	0.00E0	
CH3CHO (9 5 4 8 _ 10 3 7 8) 	44003	360099.639	473.81	2.44E-5	1.935E-5	100	0.00E0	
CH3CHO (40 3 38 7 _ 40 1 39 8) 	44003	360111.261	1153.799	1.99E-5	7.506E-8	100	0.00E0	
CH3CHO (39 10 30 4 _ 39 3 36 8) 	44003	360165.909	1149.687	7.49E-8	2.866E-10	100	0.00E0	
CH3CHO (32 3 30 3 _ 32 1 31 3) 	44003	360182.552	713.361	2.26E-5	5.586E-6	100	0.00E0	
CH3CHO (10 3 7 8 _ 9 2 7 8) 	44003	360197.990	456.528	3.99E-8	4.153E-8	100	0.00E0	
CH3CHO (7 6 1 6 _ 7 5 2 6) 	44003	360225.765	494.075	5.76E-5	2.941E-5	100	0.00E0	
CH3CHO (7 6 2 6 _ 7 5 3 6) 	44003	360225.765	494.075	5.76E-5	2.941E-5	100	0.00E0	
CH3CHO (34 4 31 7 _ 34 3 32 7) 	44003	360257.786	965.396	1.09E-4	2.299E-6	100	0.00E0	
CH3CHO (22 3 19 6 _ 22 2 20 6) 	44003	360267.577	642.348	2.03E-4	7.044E-5	100	0.00E0	
CH3CHO (36 6 30 6 _ 35 11 24 3) 	44003	360275.459	1075.153	5.99E-8	4.460E-10	100	0.00E0	
CH3CHO (19 1 19 4 _ 18 0 18 5) 	44003	360289.260	376.847	2.35E-4	1.006E-3	100	0.00E0	
CH3CHO (36 16 21 3 _ 36 13 23 6) 	44003	360292.508	1391.71	7.87E-8	2.472E-11	100	0.00E0	
CH3CHO (36 16 20 3 _ 36 13 24 6) 	44003	360292.542	1391.71	7.87E-8	2.472E-11	100	0.00E0	
CH3CHO (27 11 17 7 _ 28 10 19 7) 	44003	360292.865	992.628	1.45E-5	1.857E-7	100	0.00E0	
CH3CHO (19 10 9 8 _ 18 10 8 8) 	44003	360381.882	789.844	1.22E-3	8.388E-5	100	0.00E0	
CH3CHO (9 2 7 8 _ 9 1 9 7) 	44003	360386.524	439.241	2.93E-6	3.282E-6	100	0.00E0	
CH3CHO (29 1 28 5 _ 29 1 29 4) 	44003	360459.219	611.903	7.07E-6	4.366E-6	100	0.00E0	
CH3CHO (17 9 8 6 _ 18 8 11 6) 	44003	360507.121	690.91	1.85E-5	3.083E-6	100	0.00E0	
CH3CHO (31 27 5 7 _ 32 28 4 5) 	44003	360544.716	2436.752	4.89E-6	3.833E-14	100	0.00E0	
CH3CHO (28 11 17 8 _ 29 10 19 8) 	44003	360579.416	1030.45	2.71E-5	2.460E-7	100	0.00E0	
CH3CHO (37 12 25 6 _ 38 11 28 6) 	44003	360603.748	1355.336	1.87E-5	8.674E-9	100	0.00E0	
CH3CHO (45 15 31 4 _ 46 13 33 5) 	44003	360606.983	1599.472	3.28E-5	1.606E-9	100	0.00E0	
CH3CHO (34 4 31 6 _ 33 5 28 6) 	44003	360655.377	976.985	6.54E-5	1.226E-6	100	0.00E0	
CH3CHO (46 9 37 5 _ 46 1 45 8) 	44003	360662.697	1387.197	2.59E-7	1.081E-10	100	0.00E0	
CH3CHO (17 9 9 6 _ 18 8 10 6) 	44003	360664.284	690.917	1.83E-5	3.038E-6	100	0.00E0	
CH3CHO (36 12 25 4 _ 37 11 27 4) 	44003	360720.273	1142.663	3.36E-5	1.270E-7	100	0.00E0	
CH3CHO (4 2 3 6 _ 3 1 2 6) 	44003	360739.141	395.064	1.44E-4	1.184E-4	100	0.00E0	
CH3CHO (33 4 30 3 _ 33 10 24 0) 	44003	360797.492	761.158	6.02E-8	9.476E-9	100	0.00E0	
CH3CHO (15 4 11 5 _ 15 3 13 4) 	44003	360824.160	353.178	1.46E-7	6.285E-7	100	0.00E0	
CH3CHO (39 15 25 7 _ 40 14 26 8) 	44003	360831.630	1538.27	3.67E-6	2.871E-10	100	0.00E0	
CH3CHO (29 5 25 6 _ 30 2 28 6) 	44003	360833.335	844.638	3.46E-8	2.082E-9	100	0.00E0	
CH3CHO (25 12 13 8 _ 24 15 9 5) 	44003	360842.840	1002.794	3.84E-7	4.108E-9	100	0.00E0	
CH3CHO (32 4 29 0 _ 32 3 30 0) 	44003	360886.597	525.797	1.59E-4	2.560E-4	100	0.00E0	
CH3CHO (10 4 6 8 _ 10 2 8 8) 	44003	360891.024	465.841	2.43E-6	2.297E-6	100	0.00E0	
CH3CHO (32 4 29 1 _ 32 3 30 1) 	44003	360901.443	525.763	1.59E-4	2.553E-4	100	0.00E0	
CH3CHO (16 3 14 7 _ 15 2 13 8) 	44003	360910.079	526.181	1.50E-4	1.221E-4	100	0.00E0	
CH3CHO (28 2 27 4 _ 28 1 28 4) 	44003	360913.781	586.213	7.46E-5	5.740E-5	100	0.00E0	
CH3CHO (31 3 29 1 _ 31 1 30 2) 	44003	360984.406	479.002	1.04E-5	2.572E-5	100	0.00E0	
CH3CHO (12 4 9 3 _ 13 1 12 3) 	44003	361031.704	311.807	1.16E-7	6.061E-7	100	0.00E0	
CH3CHO (32 3 30 4 _ 32 2 31 4) 	44003	361039.367	714.2	1.27E-4	3.091E-5	100	0.00E0	
CH3CHO (40 7 34 6 _ 41 4 37 6) 	44003	361085.854	1242.914	4.28E-7	6.570E-10	100	0.00E0	
CH3CHO (29 1 28 5 _ 29 0 29 5) 	44003	361119.620	611.903	7.31E-5	4.498E-5	100	0.00E0	
CH3CHO (33 4 30 4 _ 33 3 31 4) 	44003	361138.595	761.906	1.61E-4	2.506E-5	100	0.00E0	
CH3CHO (30 25 5 5 _ 31 26 6 1) 	44003	361145.877	2024.899	6.56E-6	3.046E-12	100	0.00E0	
CH3CHO (22 2 21 7 _ 22 1 22 7) 	44003	361165.714	626.014	7.51E-5	3.063E-5	100	0.00E0	
CH3CHO (37 12 26 6 _ 38 11 27 6) 	44003	361260.189	1355.336	1.88E-5	8.697E-9	100	0.00E0	
CH3CHO (32 2 31 7 _ 31 3 29 7) 	44003	361264.473	874.888	3.89E-6	1.901E-7	100	0.00E0	
CH3CHO (19 2 17 8 _ 18 2 16 8) 	44003	361318.886	573.038	1.51E-3	9.039E-4	100	0.00E0	
CH3CHO (21 20 1 8 _ 20 20 0 8) 	44003	361352.731	1489.14	2.08E-4	1.444E-8	100	0.00E0	
CH3CHO (44 5 40 4 _ 43 6 38 4) 	44003	361391.160	1180.003	2.21E-5	6.984E-8	100	0.00E0	
CH3CHO (42 3 39 5 _ 42 2 40 5) 	44003	361393.209	1074.565	1.58E-4	1.367E-6	100	0.00E0	
CH3CHO (43 6 37 8 _ 42 7 36 7) 	44003	361401.166	1345.341	1.10E-6	6.499E-10	100	0.00E0	
CH3CHO (4 2 2 8 _ 4 1 4 7) 	44003	361432.263	406.833	7.66E-7	5.583E-7	100	0.00E0	
CH3CHO (21 1 20 3 _ 20 2 19 3) 	44003	361433.128	424.889	1.25E-4	3.619E-4	100	0.00E0	
CH3CHO (31 3 29 0 _ 31 1 30 0) 	44003	361455.740	479.037	9.79E-6	2.427E-5	100	0.00E0	
CH3CHO (25 4 22 7 _ 26 0 26 8) 	44003	361466.009	712.544	6.03E-7	1.170E-7	100	0.00E0	
CH3CHO (29 7 22 6 _ 30 5 25 6) 	44003	361515.930	889.36	4.33E-7	1.661E-8	100	0.00E0	
CH3CHO (7 6 2 0 _ 8 5 3 0) 	44003	361563.817	107.113	7.64E-6	1.857E-4	100	0.00E0	
CH3CHO (7 6 1 0 _ 8 5 4 0) 	44003	361563.821	107.113	7.64E-6	1.857E-4	100	0.00E0	
CH3CHO (23 10 14 7 _ 23 13 10 5) 	44003	361572.178	855.899	4.28E-8	1.825E-9	100	0.00E0	
CH3CHO (35 6 30 4 _ 36 3 33 5) 	44003	361586.700	869.104	5.14E-7	2.899E-8	100	0.00E0	
CH3CHO (19 7 12 8 _ 18 7 11 8) 	44003	361609.104	677.24	1.46E-3	3.076E-4	100	0.00E0	
CH3CHO (41 3 39 7 _ 40 4 37 7) 	44003	361611.315	1191.228	8.83E-6	2.326E-8	100	0.00E0	
CH3CHO (35 5 30 0 _ 35 4 31 0) 	44003	361620.553	640.974	1.83E-4	1.011E-4	100	0.00E0	
CH3CHO (21 4 17 6 _ 22 2 20 6) 	44003	361642.872	642.414	4.07E-8	1.341E-8	100	0.00E0	
CH3CHO (7 6 2 1 _ 8 5 4 1) 	44003	361694.685	107.012	7.64E-6	1.858E-4	100	0.00E0	
CH3CHO (36 12 24 2 _ 37 11 26 2) 	44003	361719.524	939.551	3.73E-5	1.070E-6	100	0.00E0	
CH3CHO (28 2 27 4 _ 28 0 28 5) 	44003	361744.733	586.213	7.39E-6	5.665E-6	100	0.00E0	
CH3CHO (8 4 4 8 _ 9 2 8 7) 	44003	361746.422	447.831	3.06E-8	2.795E-8	100	0.00E0	
CH3CHO (20 2 18 5 _ 20 0 20 5) 	44003	361824.414	411.819	1.65E-7	5.212E-7	100	0.00E0	
CH3CHO (19 5 15 1 _ 20 3 18 1) 	44003	361893.159	232.209	9.86E-8	1.780E-6	100	0.00E0	
CH3CHO (35 5 30 2 _ 35 4 31 2) 	44003	361911.770	640.965	1.83E-4	1.010E-4	100	0.00E0	
CH3CHO (6 3 3 8 _ 6 2 5 7) 	44003	361937.247	424.629	5.78E-5	5.077E-5	100	0.00E0	
CH3CHO (7 3 4 2 _ 7 1 6 2) 	44003	361969.068	46.289	1.82E-7	8.109E-6	100	0.00E0	
CH3CHO (17 15 2 3 _ 16 12 4 6) 	44003	361981.808	847.396	2.76E-7	9.530E-9	100	0.00E0	
CH3CHO (17 15 3 3 _ 16 12 5 6) 	44003	361981.808	847.396	2.76E-7	9.530E-9	100	0.00E0	
CH3CHO (34 5 30 1 _ 34 4 30 2) 	44003	362027.270	607.992	4.31E-7	3.210E-7	100	0.00E0	
CH3CHO (24 2 23 7 _ 23 2 21 8) 	44003	362048.851	668.908	9.91E-5	2.851E-5	100	0.00E0	
CH3CHO (36 12 25 1 _ 37 11 27 1) 	44003	362075.245	939.533	3.74E-5	1.071E-6	100	0.00E0	
CH3CHO (33 8 26 7 _ 34 11 24 4) 	44003	362194.888	1042.704	2.38E-7	2.227E-9	100	0.00E0	
CH3CHO (45 5 41 4 _ 44 6 38 5) 	44003	362195.876	1221.784	2.69E-5	5.698E-8	100	0.00E0	
CH3CHO (36 12 25 0 _ 37 11 26 0) 	44003	362197.135	939.575	3.74E-5	1.070E-6	100	0.00E0	
CH3CHO (36 12 24 0 _ 37 11 27 0) 	44003	362197.135	939.575	3.74E-5	1.070E-6	100	0.00E0	
CH3CHO (26 5 22 7 _ 26 4 22 8) 	44003	362202.180	757.461	1.06E-4	1.365E-5	100	0.00E0	
CH3CHO (42 2 40 8 _ 42 1 41 8) 	44003	362243.054	1228.234	4.82E-5	8.953E-8	100	0.00E0	
CH3CHO (37 3 34 8 _ 38 1 38 7) 	44003	362254.341	1060.251	1.08E-6	9.513E-9	100	0.00E0	
CH3CHO (45 4 41 8 _ 46 2 45 7) 	44003	362271.510	1387.339	1.11E-7	4.511E-11	100	0.00E0	
CH3CHO (29 4 25 5 _ 29 3 27 4) 	44003	362311.502	645.835	2.15E-6	9.348E-7	100	0.00E0	
CH3CHO (31 2 30 3 _ 31 1 31 3) 	44003	362343.535	667.494	5.08E-5	1.901E-5	100	0.00E0	
CH3CHO (33 2 31 8 _ 32 3 29 8) 	44003	362352.894	913.5	1.22E-5	4.163E-7	100	0.00E0	
CH3CHO (18 5 14 3 _ 19 3 17 3) 	44003	362403.457	418.24	4.71E-7	1.251E-6	100	0.00E0	
CH3CHO (6 3 4 4 _ 5 2 4 4) 	44003	362425.421	243.843	1.38E-4	7.360E-4	100	0.00E0	
CH3CHO (29 7 23 6 _ 30 5 26 6) 	44003	362441.586	889.361	4.38E-7	1.669E-8	100	0.00E0	
CH3CHO (13 5 9 7 _ 14 2 12 8) 	44003	362470.354	512.362	1.65E-7	1.247E-7	100	0.00E0	
CH3CHO (19 5 14 2 _ 20 3 18 1) 	44003	362501.521	232.239	1.09E-7	1.955E-6	100	0.00E0	
CH3CHO (19 2 18 1 _ 18 2 17 1) 	44003	362534.236	183.87	1.62E-3	4.742E-2	100	0.00E0	
CH3CHO (19 2 18 0 _ 18 2 17 0) 	44003	362560.789	183.861	1.62E-3	4.741E-2	100	0.00E0	
CH3CHO (19 2 18 3 _ 18 2 17 3) 	44003	362580.218	389.244	1.63E-3	6.117E-3	100	0.00E0	
CH3CHO (19 13 6 8 _ 18 13 5 8) 	44003	362608.117	928.106	9.31E-4	1.591E-5	100	0.00E0	
CH3CHO (28 1 27 8 _ 28 0 28 8) 	44003	362690.709	761.863	7.62E-5	1.004E-5	100	0.00E0	
CH3CHO (14 4 10 5 _ 14 3 12 4) 	44003	362693.686	339.303	6.35E-8	2.909E-7	100	0.00E0	
CH3CHO (31 2 30 3 _ 31 0 31 3) 	44003	362726.267	667.494	1.87E-5	6.999E-6	100	0.00E0	
CH3CHO (40 13 27 3 _ 41 12 30 3) 	44003	362742.746	1339.672	2.15E-5	1.246E-8	100	0.00E0	
CH3CHO (36 11 25 8 _ 35 15 21 4) 	44003	362822.684	1306.215	1.43E-6	1.041E-9	100	0.00E0	
CH3CHO (19 5 15 0 _ 20 3 18 0) 	44003	362844.697	232.292	1.95E-7	3.494E-6	100	0.00E0	
CH3CHO (8 6 2 6 _ 8 5 3 6) 	44003	362890.880	501.335	7.30E-5	3.875E-5	100	0.00E0	
CH3CHO (8 6 3 6 _ 8 5 4 6) 	44003	362890.880	501.335	7.30E-5	3.875E-5	100	0.00E0	
CH3CHO (9 4 6 1 _ 10 2 8 2) 	44003	362896.987	77.704	2.76E-8	1.133E-6	100	0.00E0	
